"","health","PCDH12","DLG5","BC038559","SHISA5","AF161342","CARKD","F2R","PHKG1","CDCP1","PLEKHM1","SMC2","PSMB6","BX440400","A_24_P936373","PPAN","BC007917","C14orf143","LOC440104","THC2578957","ANKIB1"
"1",1.8775421038424,0.476500153542,0.844277262688,1.08109390736,1.56170904636,0.423449665308,0.841543316841,0.470533490181,2.52054023743,1.13940966129,0.377782255411,0.551979184151,0.4798784554,1.27153623104,1.70032095909,1.10103797913,1.84524977207,2.19195508957,0.260203689337,0.712503015995,0.681079566479
"2",1.78420926144307,1.55444741249,1.25927901268,1.25365912914,1.17792057991,0.722944140434,0.880353391171,1.13440048695,0.875083267689,2.59552240372,1.2750954628,0.895319402218,1.06568694115,0.840602874756,0.813258647919,0.861527085304,1.2398597002,1.67198312283,1.044277668,1.20498502254,0.979986965656
"3",0.949456040435075,0.961251378059,3.7013361454,0.7463991642,1.36723554134,0.539726614952,0.970067322254,1.21669411659,1.354850173,0.854023635387,1.14050233364,1.06018972397,0.966765642166,1.01031625271,0.379129201174,1.41605472565,1.90239131451,2.58490657806,2.32554316521,1.39982819557,3.09301280975
"4",1.8204626621223,1.08754348755,0.74551486969,0.938938379288,0.993128657341,1.41500580311,1.0641579628,1.31175899506,0.897963404655,1.47449731827,0.876544952393,0.85901004076,1.12779891491,0.933295726776,0.855303704739,0.674270093441,1.16059398651,1.21495139599,1.36101651192,1.23772251606,1.47236561775
"5",2.03993740542315,1.40753614902,0.976366579533,1.25913131237,0.611188054085,0.856745421886,1.26354956627,0.523884296417,1.5283396244,0.788605749607,1.54170799255,0.841707885265,0.868982434273,1.53165912628,1.20733511448,0.843025326729,0.753472745419,0.668638586998,1.12172818184,0.567776381969,1.0585590601
"6",5.03519600788109,0.687341690063,0.400704622269,1.8451987505,0.359918296337,3.12791776657,1.94525456429,0.789493739605,3.09368824959,0.655585289001,0.481827884912,2.90179777145,0.274597465992,0.458663254976,1.39577043056,1.55253481865,0.370521217585,0.874918878078,0.331288129091,0.879945456982,0.737667441368
"7",4.01780025177727,1.38010525703,2.02108740807,0.503896296024,1.9996881485,0.597753465176,0.696533083916,1.87633812428,0.536384105682,1.79310727119,1.59939205647,0.634611427784,1.35118436813,0.571423470974,0.498847156763,0.44657856226,1.66309666634,0.906809270382,1.55121469498,1.32529783249,1.7315813303
"8",1.0197321014448,1.0210865736,1.17040252686,0.949468255043,1.06308627129,0.784890294075,0.69915086031,1.10096764565,1.04089808464,1.20943820477,0.890278935432,1.09598433971,1.32357120514,0.990796744823,0.888076722622,1.04587185383,1.06836223602,1.38204801083,0.79423469305,1.07448577881,0.796551346779
"9",1.74447562742898,0.505824625492,1.11296916008,1.02805435658,1.30998373032,0.507117629051,0.564269840717,1.00662887096,0.808155894279,1.04299080372,0.46995857358,0.419118851423,0.639139056206,1.22942519188,0.0579657331109,1.6332501173,1.33429563046,3.29827451706,0.418576985598,1.42221879959,0.64480984211
"10",2.50345727142929,1.33205914497,0.453815370798,1.06492960453,0.923834204674,0.920424699783,0.329473137856,0.885016083717,0.796665668488,1.74262523651,1.46617650986,0.775444984436,1.09524452686,1.07292938232,1.59100210667,0.749996066093,0.819086670876,0.762879550457,0.59170371294,1.12528383732,1.25469732285
"11",0.916487025929545,19.32465,1.98972773552,0.625156521797,0.951699256897,0.795329988003,0.507648706436,1.63865923882,1.23023045063,1.2796087265,0.833216547966,1.0397799015,1.50445413589,0.942464053631,0.394954532385,0.832904696465,1.26279604435,1.82302415371,1.04088175297,1.49711883068,1.14176034927
"12",1.44508016669048,0.673874437809,0.882068634033,1.14518558979,0.690909683704,0.762980639935,1.26460683346,0.545553088188,1.81598186493,0.628657579422,0.684385240078,0.754698514938,0.7469150424,1.44976818562,1.3580480814,1.14438974857,0.681010067463,0.39389076829,0.61317127943,0.701969981194,0.717744112015
"13",2.41329935648237,0.825500965118,0.882460713387,0.844865620136,1.01127839088,1.72554624081,1.1766474247,1.26178061962,1.24769186974,0.991470694542,0.826987862587,1.42815899849,0.829593002796,1.16544926167,0.75524353981,1.30013525486,0.63867110014,0.452894032001,1.08781838417,1.07207632065,1.18512523174
"14",1.9505266635354,1.04007101059,0.982001662254,0.666584014893,1.05977523327,0.939022541046,1.01021659374,1.18068051338,0.938394546509,1.13185238838,0.861994683743,1.08136808872,1.27155506611,0.800701439381,0.914213478565,1.00560998917,1.07048046589,0.889383614063,0.790726840496,1.17353081703,0.906772077084
"15",1.53737696018556,1.33001613617,1.16714608669,0.82181853056,1.24506497383,0.397680342197,0.943801522255,1.51214683056,0.859579563141,1.03161752224,1.09449064732,0.948187887669,1.30230140686,0.966631054878,0.976382374763,0.831924676895,1.02156090736,1.13402199745,1.40161883831,1.2971919775,0.998493373394
"16",14.654768,0.95848685503,1.85350215435,0.458663254976,0.866369247437,1.07743632793,0.844649732113,1.40122926235,1.02510356903,2.23270559311,0.81403619051,1.09780871868,1.13645136356,1.08923327923,0.807744443417,0.968479275703,1.1707072258,1.69756495953,1.19036066532,1.32402563095,1.08873581886
"17",1.72491685553896,0.824574112892,1.13128590584,1.1307669878,1.02609336376,2.28638076782,1.06262004375,0.991387486458,1.07164394855,1.02473700047,0.787616670132,1.50753331184,0.734035849571,1.35876441002,0.84347730875,1.3863401413,0.679780483246,0.581536591053,0.78237849474,0.648121118546,0.999270677567
"18",1.62859111641864,1.08335411549,0.766038835049,1.34286904335,0.693977057934,1.95021879673,1.02986085415,0.647082328796,1.26404368877,0.957998871803,0.935904145241,2.11408162117,0.887769341469,1.56607294083,0.953521668911,1.56635379791,0.516217947006,0.394058167934,1.29932463169,0.483737677336,1.10967886448
"19",3.05491588080205,0.598179459572,1.04265713692,0.946297109127,1.43700516224,2.13408207893,1.19059002399,1.23922967911,0.4567938447,3.00898718834,0.673425376415,1.32739758492,0.889275491238,1.11940228939,0.82474398613,0.951683819294,0.705081760883,1.24842393398,0.822303831577,1.31951606274,1.21605956554
"20",2.48306266196983,1.02710962296,0.557814002037,1.80976653099,0.321480304003,2.38626646996,1.7287927866,1.10846567154,2.08686590195,0.539700388908,0.525973379612,1.80985796452,0.482146888971,2.32641148567,1.31338500977,1.62079823017,0.427889913321,0.840068697929,0.491380751133,0.997121214867,0.90794980526
"21",2.25425018205884,0.594252169132,1.41507935524,0.883858025074,1.86759757996,0.488447099924,1.38223910332,1.62581408024,0.6515417099,1.26953458786,0.71047693491,0.550028860569,0.572991549969,1.01481330395,0.936651527882,1.24228012562,1.3486212492,1.73988366127,0.26657474041,2.20198059082,0.36812582612
"22",2.21337790492812,0.737981259823,0.669104874134,1.11617338657,0.718960821629,1.37041687965,0.939006388187,0.87438672781,1.44993829727,0.68280428648,0.726457476616,1.88677608967,0.707833945751,1.49082005024,1.03239500523,1.34391832352,0.83518910408,0.891331076622,0.760959804058,0.788306474686,1.02566480637
"23",1.08125608948864,0.822333216667,1.28589236736,1.14271569252,1.27730560303,0.62922078371,0.581368327141,1.0534863472,1.38406729698,0.72762721777,0.806034564972,0.621201395988,1.18515455723,1.41523122787,1.0237005949,0.745299458504,1.24182295799,1.64047145844,1.03891658783,1.10697460175,0.913458764553
"24",3.49603304088525,1.34725856781,1.48568928242,0.652168035507,1.64778447151,0.703875780106,0.747683286667,0.935797929764,0.806474387646,1.69052267075,1.70766460896,0.99622297287,1.36013352871,0.793323278427,0.885710120201,0.942207932472,1.33841526508,1.25397717953,1.59982979298,1.28343653679,1.08111345768
"25",1.41245305792619,0.480361968279,0.833164095879,1.46845328808,0.95005518198,0.926719665527,0.979578197002,0.769466221333,0.747313678265,2.48440265656,0.307854145765,0.573917746544,0.611745536327,1.65729856491,1.03726625443,0.850920915604,0.39041647315,0.301418691874,0.583201408386,1.02084171772,0.727147161961
"26",1.83031154924629,0.870121002197,0.861743986607,1.17758023739,0.997993588448,0.991014540195,1.12994074821,0.882492721081,1.05667948723,0.922359645367,1.14261972904,1.37877523899,0.820262730122,1.15206372738,1.02313363552,1.12679958344,0.826506912708,0.783600509167,1.13288807869,0.851686537266,1.11725640297
"27",2.81335696968173,2.64320063591,1.58258903027,0.637131035328,1.57791185379,0.27258554101,0.400584638119,1.46528744698,0.626463532448,2.39066267014,1.73957753181,0.512513399124,1.68676316738,0.72535264492,0.701525568962,0.740402042866,2.26594567299,4.81823968887,2.32246470451,1.83205485344,1.28419446945
"28",1.65928561595312,0.896279633045,0.791303157806,1.01661026478,0.954409599304,0.899897873402,0.620674371719,0.984471082687,1.06686139107,1.06060636044,0.825705707073,0.685572862625,0.827399253845,1.19229662418,0.232047647238,1.36416447163,0.856781363487,1.32216703892,0.877695977688,1.02540123463,0.818987846375
"29",2.0872743626489,0.696814119816,0.57476234436,1.19229662418,1.35592830181,1.45415496826,1.42319631577,0.760105729103,1.4448517561,1.54274642467,0.94402474165,1.24222922325,0.584901869297,0.586612939835,1.25243067741,0.722486495972,0.9423584342,0.607359528542,1.76256656647,0.874543488026,1.2376139164
"30",1.35486072899641,1.47243654728,2.6978366375,1.69974541664,1.5933586359,0.496843576431,1.59011399746,1.10919857025,1.95846891403,1.16696858406,1.00207924843,0.497539401054,1.04464876652,1.87853324413,0.971999108791,1.2800604105,0.930115222931,2.39273834229,0.809032320976,1.38651204109,0.938709139824
"31",3.50092824422188,1.53648853302,0.489458978176,0.886247515678,1.10877549648,1.23046445847,0.793624460697,1.35238456726,0.806174516678,2.83502650261,1.49343550205,0.903453171253,1.54463517666,0.297866433859,1.36241841316,0.6588306427,0.749001085758,0.549866020679,0.691077053547,1.32563912868,0.934474468231
"32",2.98484845543091,0.602597951889,0.431658178568,1.93984138966,0.680965304375,1.72387754917,1.64496135712,0.478593289852,1.09929525852,1.27041387558,0.95000898838,1.79332113266,0.526763498783,0.94303047657,2.61093950272,1.42259514332,0.874641537666,0.448850274086,1.11613667011,0.61515802145,0.911454737186
"33",2.3111529518414,0.62695991993,0.744168817997,1.1411126852,1.11518168449,1.87135219574,1.49986767769,0.958991587162,1.30791902542,0.869587600231,0.516589224339,9.01662349701,0.488749027252,1.40433299541,1.28970015049,1.70598304272,0.930389344692,1.05724394321,0.215191543102,1.14570009708,0.410862058401
"34",1.88017634767475,0.692644059658,0.83078455925,1.15934121609,0.843878805637,1.67813169956,1.22494983673,0.684173166752,1.37406802177,0.817497372627,0.843587517738,2.26670861244,0.770731627941,1.11617338657,1.44365894794,1.77182149887,0.757477462292,0.460744827986,0.904940605164,0.763542234898,0.634781479836
"35",1.52363755236894,0.763104021549,1.47339248657,0.590216398239,0.600210905075,1.51465237141,0.963869452477,1.21085655689,1.81226217747,0.52329313755,0.382933050394,2.67742800713,1.01489078999,1.2829605341,0.42098018527,1.00942206383,0.83909869194,1.0670466423,0.840252220631,1.3068318367,1.44020318985
"36",3.20222772399,0.99319589138,0.636155366898,0.930581927299,0.834023475647,2.21318912506,0.841087222099,0.886456310749,1.12480044365,0.653996050358,1.42085015774,1.2175194025,1.06463253498,1.08109390736,1.13814997673,0.9231133461,1.49678909779,1.95399153233,1.18324148655,1.30900096893,1.02021253109
"37",2.20267338825162,1.1141654253,1.15250432491,0.862673997879,1.16929018497,0.703009724617,1.1681522131,1.30095016956,1.08805906773,1.64566195011,1.17037343979,0.943853735924,1.31346392632,0.792212665081,0.891555905342,0.951491475105,1.06308829784,1.36510205269,1.21706199646,1.2080630064,1.05003190041
"38",1.45522294174355,1.69219863415,1.35586488247,0.762672543526,1.18551290035,1.14503598213,4.99388360977,0.68585139513,1.28093469143,1.52303612232,0.640013992786,1.15301775932,0.908559560776,0.926219582558,1.28294098377,1.14205658436,0.790537953377,0.986637532711,0.961634635925,0.765664160252,0.96184194088
"39",6.17484759347327,2.51135897636,1.98864269257,0.503799259663,2.3903594017,0.516028940678,0.379958093166,1.62329185009,0.396207392216,3.31921410561,2.07846045494,0.341121464968,1.4993377924,0.57029491663,0.384849607944,0.434066921473,1.60571920872,1.12404072285,1.62752985954,1.83135795593,1.9785579443
"40",2.54793761614753,0.650006592274,0.66598033905,0.942464053631,0.889387011528,1.72278141975,1.43966770172,0.76830470562,1.16061341763,0.419879168272,0.896451473236,1.44681107998,0.64640879631,1.77852725983,1.22641217709,1.10745823383,1.03653347492,0.623892664909,1.10491526127,0.699662148952,0.757018208504
"41",3.04067251124511,1.04631781578,1.16094660759,0.567605316639,1.1506319046,0.76073628664,2.90195560455,1.83877110481,0.630003154278,1.88959240913,0.742844283581,2.1617846489,1.41624045372,0.64410918951,0.762527108192,0.918188214302,1.48900842667,0.79951530695,0.928050756454,1.28783321381,1.09085285664
"42",1.91678277430497,0.843401670456,1.17494177818,0.975785672665,0.910202145576,0.839932560921,0.864475131035,0.881580889225,1.18619155884,1.197691679,0.927705645561,1.33664155006,0.949800610542,0.822900831699,0.924463450909,1.57940530777,0.780100166798,1.21860086918,0.859514832497,0.918054223061,0.480080783367
"43",1.56873389045943,0.978969752789,0.912696838379,1.10600328445,0.941189527512,0.86890912056,0.913924098015,0.929119586945,1.2118986845,1.04797005653,0.902683198452,1.24363267422,0.912071228027,1.33765339851,0.979870140553,1.08873009682,0.905026912689,1.10153114796,1.02960157394,0.990215778351,1.0165694952
"44",5.17315829010535,1.93852376938,1.5552444458,0.719295501709,1.41819679737,0.752968072891,0.599639356136,1.42274844646,0.696275413036,1.47442412376,2.00871348381,1.17186450958,2.01217627525,0.884919881821,0.602300345898,0.800427317619,1.42051279545,1.50255417824,2.58822202682,1.32218337059,1.55568134785
"45",2.9353177549243,0.58298176527,0.869008123875,0.713339269161,0.84643304348,1.02354109287,6.55389642715,1.49775576591,1.03150439262,1.23887634277,0.503867983818,2.3864941597,0.804759562016,0.86058229208,0.989617288113,1.04027831554,1.30917954445,0.749247610569,0.466978639364,0.99568349123,0.686669528484
"46",2.09677806489949,0.655817270279,0.860912740231,0.990796744823,0.520267665386,1.96781492233,1.25614726543,0.765776634216,1.71415030956,0.536571860313,0.502892494202,1.83468985558,0.761641144753,1.70101344585,0.940816164017,1.18329966068,0.899261295795,1.70862567425,0.676236450672,1.10850059986,0.969265580177
"47",1.63830896287147,1.05630218983,0.912641108036,0.680202662945,1.33835721016,0.801271259785,2.86679601669,1.6566144228,0.673667550087,1.73957753181,0.625969052315,1.56522190571,1.12294900417,0.82181853056,0.810878038406,0.90269523859,1.47028613091,0.361112356186,0.755453884602,1.40696036816,0.939605712891
"48",4.93101928206843,1.40756297112,1.41287863255,0.583213627338,1.76217246056,1.79918646812,1.5564507246,2.01296305656,0.756698429585,2.09338998795,1.43017756939,1.65075552464,1.57827234268,0.666093409061,0.796362936497,0.78144043684,1.61563134193,1.26141250134,1.45133757591,1.5950820446,2.02704715729
"49",4.31234060557545,1.17244625092,0.685802042484,0.337543308735,0.978637456894,0.561577558517,0.456041038036,1.53273463249,0.401797890663,1.68025362492,1.54600572586,19.6815376282,1.6972476244,0.484943240881,0.459636241198,1.12866771221,1.25242948532,0.935103416443,2.33520507812,1.0927400589,1.44621241093
"50",7.16611156469936,2.09141159058,1.53867924213,0.884919881821,1.25019550323,0.490259677172,0.459690362215,1.39934098721,0.249224439263,3.04832291603,2.49633479118,0.497897058725,1.46710312366,1.01492655277,0.488132297993,0.508337318897,1.10050523281,2.38125729561,2.68382787704,2.17249441147,1.45002818108
"51",0.929825250984107,1.3465129137,2.11488008499,1.99435174465,1.40693080425,0.717852294445,2.1381483078,1.01842284203,1.99020409584,0.979879498482,0.786226809025,0.7276070714,0.735003948212,2.46004080772,1.31452655792,1.7794162035,0.863380968571,1.42296826839,0.516758978367,1.10808682442,0.819282352924
"52",3.70723585045616,0.868500232697,0.704570889473,1.59579944611,0.387107521296,1.86875915527,1.84095215797,1.24049603939,2.53704428673,0.384458571672,0.552520036697,2.22174334526,0.48532217741,0.705029964447,0.917084693909,1.72641944885,0.507588922977,0.727781951427,0.514528155327,1.00526475906,0.864199817181
"53",2.05845263557494,0.916760265827,0.529739797115,1.13696205616,0.919210672379,1.62983095646,1.01613473892,0.896981716156,1.35985720158,0.557898044586,0.930123209953,1.42249619961,0.738165676594,2.13308310509,1.17675065994,1.29659891129,0.573665738106,0.488091319799,0.830073416233,0.874863028526,0.899735271931
"54",5.12137902190955,0.916766345501,2.5590698719,0.670166254044,2.3406765461,0.639335036278,0.348689436913,2.16672587395,0.339412927628,1.86338472366,1.49065375328,0.0809906125069,1.55506205559,0.820059359074,0.481351584196,0.610777556896,2.07412600517,2.75546717644,1.47928464413,2.44240093231,1.65038716793
"55",1.5088460093265,0.709842979908,1.30076217651,0.830195307732,0.932990968227,0.729343175888,1.36556434631,1.21989274025,0.847087919712,0.938775420189,0.616212546825,0.674440205097,0.825811624527,0.975785672665,0.243788734078,1.14829802513,1.1451113224,1.96838736534,0.519762814045,1.5074737072,0.459801077843
"56",6.33436418794571,1.49910330772,0.768036603928,0.249047666788,1.1529045105,0.606911361217,0.524120211601,1.54927647114,0.516274034977,1.87548291683,1.75717484951,14.8697986603,1.65913784504,0.288640379906,0.449785470963,1.1245200634,1.32523465157,0.838578283787,1.82005798817,0.931914925575,1.50980377197
"57",2.49533608076313,0.538505017757,0.455442994833,1.53934848309,0.536357998848,1.79765582085,1.59490180016,0.574944853783,1.71458363533,0.704645454884,0.551465630531,2.45724582672,0.773980617523,1.67590868473,1.39155316353,1.17433691025,0.972491443157,1.90100848675,0.661439478397,0.688450396061,0.704732179642
"58",2.94797186641588,0.540243625641,0.601709008217,1.14751195908,0.619359910488,2.05514812469,1.63357961178,0.609862864017,1.7188911438,0.2655184865,0.563361644745,2.60570836067,0.569667100906,2.51403331757,1.39739525318,1.64877164364,1.00670385361,0.469115376472,0.690734386444,0.555112242699,0.489633560181
"59",2.48888106734811,0.922422945499,0.995354056358,0.913389086723,1.142796278,1.49647080898,1.27756023407,1.24419140816,0.828795135021,1.19064450264,0.834019482136,1.29305493832,1.04425179958,0.972178936005,0.703563034534,0.814257442951,0.987293601036,0.882746875286,1.08799934387,1.15724790096,1.39595270157
"60",1.80751927522254,0.360953301191,0.910573780537,1.67254126072,1.21092128754,0.782145023346,1.48921358585,0.291861534119,2.4821600914,0.761013865471,0.210366770625,0.977781057358,0.312973320484,1.85376024246,2.03971791267,2.20687890053,1.18742632866,2.17068243027,0.18475343287,0.434401512146,0.529456496239
"61",3.98589105663875,1.91037726402,1.49288868904,0.870759367943,1.50265884399,0.67606818676,0.570573985577,1.38080561161,0.670537054539,3.9312915802,1.85363817215,0.7317314744,1.60632884502,0.567605316639,0.819956123829,0.629071414471,1.70872187614,1.95261859894,1.36044740677,1.78941738605,1.20834875107
"62",2.10922142958585,0.966537952423,0.796181440353,1.57583963871,0.471695810556,0.951023340225,1.59316563606,1.00828146935,2.11668109894,0.668498933315,0.496539950371,1.77032256126,0.324904888868,1.47321403027,1.21732199192,1.98553287983,0.406733870506,0.721507012844,0.371670335531,0.979192912579,0.999621450901
"63",2.55626490069655,0.377654373646,1.02544093132,1.30081617832,0.948687136173,2.06671285629,0.840798079967,0.767627954483,1.06201779842,0.912292182446,0.533344507217,0.663269460201,0.542536556721,1.54743504524,0.909926176071,0.846827864647,0.505776405334,0.364082247019,0.417618840933,0.815792560577,0.702872931957
"64",1.47310848050136,1.13043820858,1.27344024181,0.690388023853,0.989638984203,0.935536503792,0.70971506834,1.39071595669,1.27111852169,1.07162606716,0.723814427853,1.40405702591,1.15526306629,0.889732301235,0.527933299541,0.863464176655,1.04733002186,1.49130141735,1.34644365311,1.144110322,1.49979114532
"65",2.21684113919569,0.598397374153,0.41225618124,1.54957640171,0.468689680099,2.07865285873,2.50885033607,0.456688672304,1.81598448753,0.491114646196,0.587168753147,5.44460868835,0.555825829506,1.68664813042,1.69122898579,1.94679498672,0.703501999378,1.22352194786,0.642035663128,0.504269838333,0.608845353127
"66",2.31384392594401,1.58645892143,1.12639248371,0.934838175774,0.942136049271,0.832374632359,0.895625591278,0.880321502686,1.02125895023,1.18312299252,1.42855668068,1.37995386124,1.32735955715,1.0977793932,0.751664459705,1.13358020782,0.997864603996,0.878071904182,1.57799017429,1.32855951786,1.75558197498
"67",2.75316859360145,0.781447887421,0.922806560993,0.689678609371,1.34227621555,0.979944944382,0.916676342487,1.07543408871,0.920340418816,1.58019638062,1.1627393961,1.21543228626,0.945551991463,1.10967671871,1.29287493229,0.815385758877,1.11358654499,1.18483138084,1.41888272762,0.985747814178,1.0812702179
"68",2.31760459920493,1.47028195858,2.71715450287,0.511934041977,2.73334860802,0.757387936115,0.465818613768,2.1659014225,0.554577291012,2.93950819969,1.32751142979,0.192845597863,1.85163640976,0.583213627338,0.465997695923,0.518271684647,2.11547017097,1.6690582037,1.54639208317,1.85791134834,2.02197909355
"69",4.22188427717753,0.810807645321,1.3875014782,0.933990716934,1.07851219177,3.1840364933,1.5798844099,1.57497119904,0.961335718632,1.17772400379,0.763857603073,0.993901789188,1.21380138397,1.09382390976,0.903609991074,1.20854640007,0.815764546394,1.10531520844,0.765109777451,0.984380960464,0.76953959465
"70",1.29990920182224,2.04927945137,0.649187922478,0.722378671169,0.755623221397,1.41972053051,2.91119456291,0.683580935001,1.72768187523,0.78145980835,0.553230822086,1.33186352253,1.17717766762,0.886940836906,1.3655923605,1.70935094357,0.709930360317,1.35054731369,1.03046262264,0.510352730751,0.844394803047
"71",2.38730795042127,0.885063350201,0.876880228519,1.18352818489,0.623506009579,0.670160830021,1.92072236538,1.05063390732,2.73160028458,0.420401245356,0.413968414068,2.28592610359,0.740844905376,1.34286904335,0.969820380211,1.25278782845,0.625850260258,2.40877652168,0.662736415863,0.975360512733,0.818537294865
"72",2.47178003788999,1.1679404974,0.589913368225,1.08275914192,1.23830103874,0.804069876671,0.908122122288,0.793022990227,0.774674773216,1.05293190479,1.40799260139,1.13246679306,1.11285293102,1.17758023739,1.55511176586,0.897793889046,0.546845972538,0.962370872498,0.902409493923,0.786799073219,1.01344382763
"73",2.54527016317825,0.851157903671,0.752970993519,1.42403674126,0.91757196188,0.937550544739,0.876189351082,0.619607448578,0.693574130535,1.5737490654,1.46709680557,1.06448841095,0.958142340183,1.13643193245,2.0042245388,0.936661303043,1.36726033688,0.862725377083,1.22559428215,0.835964083672,1.22255861759
"74",1.19630319672274,0.91769272089,1.35654127598,0.984869241714,1.06054568291,0.768233656883,0.676780343056,1.03487014771,1.05505776405,1.36856222153,1.04786002636,0.873816549778,1.19249105453,1.71808803082,0.792868733406,1.22676372528,1.02887237072,1.2980786562,0.801869094372,1.11115503311,0.627644002438
"75",3.07871282993224,0.482004135847,0.560342848301,1.33765339851,0.565582215786,2.10193419456,1.42746317387,0.541539430618,1.95303952694,0.599736571312,0.559855699539,3.59061717987,0.605042755604,1.55800938606,1.65900015831,1.74415242672,0.472771257162,0.227620214224,0.755008816719,0.515786826611,0.657493710518
"76",2.7253751392712,1.92840540409,1.46944510937,0.513720631599,1.04929411411,0.643549799919,0.520021617413,1.63111913204,0.347115129232,2.85048508644,1.4675642252,0.587172627449,2.36526799202,0.542853832245,0.640747487545,0.550978302956,2.44950485229,1.82172513008,2.1213593483,2.24692082405,2.01720833778
"77",3.48488980324915,1.50542211533,1.08979845047,0.796307504177,1.12757956982,0.954555273056,0.769724190235,1.0507440567,1.0326564312,1.0422757864,1.71311593056,1.35090088844,1.14521348476,0.957344055176,0.801137566566,0.96047526598,1.05808365345,0.999482274055,1.98178720474,0.961576879025,1.40066683292
"78",1.94856308384604,0.636991918087,0.904116392136,1.42621541023,0.700608968735,1.62461590767,0.940727829933,0.684507966042,1.26788413525,0.835498631001,0.687394142151,1.61826825142,0.78604722023,1.65582549572,1.00903081894,1.69384384155,0.63407599926,0.725337386131,1.01224756241,0.671546280384,0.749269723892
"79",1.61655040871527,1.05424308777,0.907787024975,1.08410346508,0.690167486668,0.978169023991,1.23274552822,0.716106653214,1.49297487736,0.729896366596,0.950131297112,1.61142289639,0.853875041008,1.30873632431,1.2444204092,1.23490226269,0.606554389,0.694009482861,0.901336967945,0.686251163483,0.865851342678
"80",2.92565686868551,0.865687906742,0.899195730686,0.822646617889,0.976987838745,1.0100209713,1.0106304884,1.24891328812,1.06328451633,0.322835028172,0.896537840366,1.2054091692,0.882106482983,0.980428218842,0.725235700607,1.02802348137,1.18684494495,0.739689946175,1.29797589779,1.21605956554,1.38778662682
"81",3.54089749624328,0.578811883926,0.818650484085,1.17842054367,0.793745577335,3.07289648056,1.56203901768,0.80989420414,1.16052925587,0.837580800056,0.828848898411,1.6181371212,0.763081431389,1.49518692493,0.891418218613,1.19974482059,0.532527267933,0.221463963389,0.767278850079,0.723716378212,1.02657592297
"82",2.04772587195315,0.871682465076,0.334199279547,2.12166070938,0.5459882617,2.12689971924,0.597301542759,0.496898055077,1.15817368031,1.24252653122,0.650567829609,1.27561593056,0.810122847557,1.37881338596,4.03096866608,1.00196552277,0.549206733704,0.642656207085,0.401537001133,0.865488946438,0.793741047382
"83",1.92348210496222,0.867351412773,0.570273697376,1.44795119762,0.931771874428,1.2712816,1.12065255642,0.722754895687,1.15266644955,0.917288482189,0.879412710667,1.36395633221,0.763633966446,1.50362145901,1.49544501305,1.0130418539,0.924134671688,0.758735477924,1.03362154961,0.886348068714,0.903086185455
"84",1.69584629075872,0.319526404142,1.10682094097,1.57753872871,1.30663871765,0.740061819553,0.947377085686,0.75968760252,1.72844171524,0.653219997883,0.342117398977,0.367908746004,0.481041371822,1.74124062061,1.58058512211,0.655729055405,0.56795668602,0.422085702419,0.33807438612,0.943593621254,0.414140552282
"85",1.85515147582259,1.14671564102,0.714562833309,1.0977793932,0.83202624321,1.18561244011,1.35313153267,1.1748701334,0.884330153465,0.907861471176,0.777667462826,1.2857593298,0.864119887352,1.10600328445,0.79116243124,1.02583503723,1.13921904564,0.779998958111,1.21714496613,1.74554681778,1.29080021381
"86",1.82457500581243,0.814166605473,0.615834236145,1.44976818562,0.605505406857,1.18044912815,0.969839811325,0.898706197739,0.811369240284,2.67319893837,0.58115875721,1.08964049816,0.963107705116,0.793699383736,0.965164542198,0.829050064087,0.804430782795,0.76098048687,0.496931940317,1.09269785881,0.874608576298
"87",1.41639205679958,0.776382148266,1.05396616459,0.867626905441,1.01004850864,0.819627761841,1.37670719624,0.624734520912,1.82266867161,0.762394070625,0.816020548344,1.57045960426,1.00939941406,0.995621740818,1.2436504364,1.16955339909,1.0385876894,0.784548282623,0.835245668888,0.591161668301,0.862310409546
"88",1.29319149268986,1.05251717567,0.997241020203,1.9100073576,1.15049362183,1.21107828617,1.46663236618,0.706314682961,1.47430038452,1.77494180202,0.686805069447,0.674864172935,0.574477374554,2.23859429359,1.32515501976,2.05518126488,0.678539454937,0.847668170929,0.733872056007,0.794514238834,0.801295757294
"89",2.7876431381739,0.642286777496,0.677311062813,1.71808803082,1.14373075962,1.15667033195,0.854947328568,0.797191202641,1.23095393181,0.810399472713,0.797606408596,2.63528490067,0.723146557808,1.90025806427,1.09017276764,1.33173143864,1.1357666254,1.42116725445,0.998810529709,0.861272394657,0.887400269508
"90",1.63786105109754,1.09575545788,1.60614812374,0.778537929058,0.991603076458,0.87056428194,0.727224826813,1.29892444611,1.08012568951,0.994966804981,0.916657090187,1.30858278275,1.1218367815,0.893643200397,0.547713398933,1.07036817074,1.29405605793,1.30556559563,1.14929664135,1.06761872768,1.17938184738
"91",1.72911270608851,0.560976982117,0.441428601742,2.33408737183,0.460408806801,1.68863105774,3.45068454742,0.327507823706,2.18402385712,0.545472979546,0.41534653306,2.10150909424,0.327084869146,2.57062983513,2.0772793293,1.85675382614,0.474268257618,0.970308363438,0.322620838881,0.365489959717,0.439675956964
"92",3.14005475431349,0.529616057873,0.909096062183,1.04622852802,0.835299432278,3.67569971085,1.74021470547,0.868595540524,1.11960947514,0.893116652966,0.519086658955,2.19530653954,0.622046768665,1.2422837019,0.95856821537,1.92959475517,0.588340818882,0.628956496716,0.476172626019,0.626301050186,0.731746792793
"93",1.41025756080523,0.772108793259,0.393917828798,2.14701628685,0.764864265919,0.917050540447,1.74603796005,0.454998880625,1.33739387989,0.8920134902,0.774159312248,1.97270214558,0.615700960159,1.15549886227,2.5941092968,2.62756681442,0.844381153584,0.355357050896,1.12216794491,0.771160960197,0.749701440334
"94",2.03027763542278,1.48532366753,0.845608413219,0.926109194756,0.834279596806,1.18026793003,0.837522506714,1.32515501976,1.13381707668,0.898629903793,1.13974666595,0.97727483511,1.31064236164,1.17577576637,1.12087643147,0.78310406208,1.19404160976,0.407836586237,0.949254572392,1.22727680206,1.33495998383
"95",1.99279852099242,1.05633544922,0.909790813923,0.84157782793,1.03743445873,1.33269190788,0.971392095089,1.07232892513,1.33944892883,0.655512750149,0.972170591354,1.31086921692,0.919162452221,1.46779382229,0.842498123646,1.04746639729,0.631462454796,0.525820374489,1.18658065796,1.11017525196,1.18211364746
"96",11.1623952469194,1.1114910841,0.375882059336,0.995621740818,1.60015332699,1.57715058327,0.798657596111,0.788489937782,0.531207442284,0.703411757946,2.31735944748,0.683970928192,0.762216687202,0.258312225342,1.82404768467,0.395336836576,1.76870167255,0.921835541725,1.87023186684,1.91950654984,1.93445253372
"97",1.83847673477659,0.778700530529,1.03579485416,0.791687011719,0.831969916821,0.891544878483,4.36863470078,1.4065297842,0.835754394531,1.52309572697,0.428243041039,2.18770933151,1.91706609726,0.946297109127,0.80756342411,0.892474710941,1.54812586308,0.678011655807,0.462381839752,0.89912712574,0.938044250011
"98",11.0797359034629,1.13861453533,0.797804176807,1.25425469875,1.47844409943,0.666912436485,0.607768595219,0.855840623379,0.503991961479,1.56303215027,2.42331075668,0.755532443523,1.40400218964,1.14921057224,1.77129268646,0.951858103275,1.48183047771,1.11584603786,1.19206869602,1.14064586163,1.11182069778
"99",1.74950635990919,2.0746088028,1.75939667225,0.489653646946,1.53017866611,0.698609352112,0.483197778463,1.94054639339,0.341847360134,3.04901194572,1.29270350933,0.563321352005,2.00496244431,0.42699226737,0.578058362007,0.413200050592,2.51742100716,2.06765794754,2.34999918938,2.33433222771,2.71599364281
"100",1.72980655335315,0.980223476887,1.04577255249,1.05074512959,0.910768270493,1.10498797894,1.00321757793,0.96825760603,1.04517936707,1.25870621204,0.992048561573,1.40333819389,1.1491843462,0.986424922943,1.07547199726,1.03137648106,0.996176421642,0.601723968983,0.885162115097,1.10983967781,0.857772290707
"101",1.83931478163614,1.06034636497,0.885162949562,0.924455523491,1.17354655266,0.830226182938,0.638083875179,0.941062033176,0.837867617607,1.25833904743,1.10363566875,0.833361923695,1.19908595085,0.719295501709,0.943754732609,0.939256727695,1.0289041996,1.2321113348,0.867013156414,1.08731734753,0.951083183289
"102",1.7752939531397,0.596295893192,0.632516622543,1.83154129982,0.688023746014,0.961459517479,1.91319870949,0.632481634617,1.2711700201,0.85352575779,0.554643929005,2.6279489994,0.640928387642,1.10863912106,1.12854456902,2.01088237762,0.831672847271,2.04227828979,0.801448583603,0.882030785084,0.88400554657
"103",2.15454663942123,2.52035403252,1.19796693325,0.762845695019,1.25752317905,1.3247910738,1.36352777481,1.17573654652,0.769494473934,1.9974296093,1.48667001724,3.81491613388,1.52681291103,0.928230404854,0.849276781082,1.52756512165,0.953714489937,0.362839430571,1.72075104713,1.04789209366,1.62776732445
"104",1.30706392866391,0.93858474493,1.04052591324,0.915966749191,0.920876026154,1.02760434151,1.14418232441,1.00145447254,1.77970981598,0.986320495605,0.888274073601,1.50268030167,0.79170435667,1.1278128624,0.855174839497,1.02674973011,0.924187123775,0.781679689884,0.979354500771,0.907847642899,0.96965110302
"105",1.91181825196901,1.50811862946,1.48054647446,0.793323278427,1.22814905643,0.852191030979,0.950470268726,1.49882745743,0.654842913151,1.33836996555,1.09814894199,1.03650486469,1.44984984398,0.94934874773,0.660430371761,0.830686748028,1.45258247852,0.681886792183,1.21612393856,1.56539058685,1.29552733898
"106",3.19617438149177,0.571296513081,1.32272326946,0.815973877907,0.699391961098,0.933735966682,1.08720636368,1.20748484135,1.77637445927,0.666948974133,0.589755892754,2.45164680481,0.745433807373,0.666584014893,0.368125110865,1.6917757988,0.759647369385,0.79313570261,0.880481004715,0.837818920612,1.3431738615
"107",2.86761090044411,1.77478861809,1.79264485836,0.619699060917,1.57108879089,0.440098613501,0.464730858803,1.59756577015,0.521534919739,1.83276963234,1.65068471432,0.724187970161,2.97706270218,0.711938560009,0.491482436657,0.637949705124,1.66431677341,2.57631254196,2.51768732071,1.71832323074,1.62641882896
"108",2.34692547573084,0.931438684464,0.862380325794,0.976431727409,0.966033875942,0.997605323792,1.10728704929,0.920490562916,0.954203009605,1.03339183331,0.976259469986,1.2738982439,0.911113202572,1.2472332716,1.00946688652,0.974263072014,0.938199937344,0.76295119524,1.01488983631,1.03147184849,0.806145310402
"109",9.57474330540619,1.92294192314,0.758234918118,1.19964873791,1.20306289196,0.975001513958,0.589723825455,0.846066594124,0.216808065772,2.64588928223,2.61719179153,0.757775187492,1.9600777626,0.319759756327,2.226303339,0.629690825939,1.38896048069,1.5439363718,0.972813308239,1.51169109344,0.63300538063
"110",4.90277052858554,1.45644843578,1.23277246952,0.881652355194,1.30137705803,0.880719542503,0.746782183647,1.72835600376,0.761191666126,1.46831321716,1.63834512234,0.997495949268,1.47660601139,1.00993001461,0.639104008675,0.67659676075,1.13574504852,0.980098187923,1.89954423904,1.50486516953,1.42979156971
"111",3.01266989955875,0.660780012608,0.364029288292,1.55755770206,1.30633473396,4.0067615509,1.35678195953,0.611010909081,1.33191812038,2.12377023697,0.958596587181,1.44794225693,0.431204766035,1.3667910099,1.47103786469,0.580321907997,0.729126930237,0.483342498541,1.463311553,0.50408667326,1.25277709961
"112",1.83137053487815,0.47140416503,1.91430282593,2.31363749504,1.64135253429,0.506128132343,2.50771284103,0.980385184288,1.99467325211,0.669747114182,0.322763770819,0.346991658211,0.463834017515,2.51824688911,1.64328360558,1.33072030544,0.719766914845,2.37178015709,0.233864054084,1.35028719902,0.424226939678
"113",1.63017328307331,0.887799799442,0.391342431307,2.32717943192,0.400147080421,1.1681855917,2.69493746758,0.300247013569,2.83561325073,0.477656245232,0.596934258938,2.75627660751,0.435559302568,2.54823994637,2.17275357246,2.90392541885,0.392483502626,1.4522819519,0.521245777607,0.287842929363,0.386109083891
"114",2.14710946206081,1.9271478653,0.820940434933,0.621389210224,1.1602537632,0.777557730675,0.297737210989,1.06555485725,0.3868034482,2.68327784538,1.47373950481,0.607241988182,1.73795580864,0.649868965149,1.57909810543,0.439810156822,1.64414823055,1.68830490112,1.10339939594,1.55262362957,1.42151021957
"115",1.64069059022654,0.958085656166,1.01778793335,1.00459575653,1.03052401543,1.20192933083,1.35337162018,0.951495051384,1.09235298634,1.27011215687,0.830653846264,1.21258306503,1.0449461937,1.18352818489,0.854551970959,1.03606116772,0.829987883568,0.965593576431,1.06282782555,0.825050771236,1.11105656624
"116",1.59158278935986,1.09673297405,1.26402437687,0.840602874756,1.07625889778,1.03072798252,0.969548463821,0.980579674244,1.17298030853,1.04543161392,1.15990746021,1.12512290478,1.09268271923,0.978807330132,0.84075075388,0.925748884678,1.09191453457,0.899639606476,1.06565189362,1.17860996723,1.15179121494
"117",1.97075533526224,0.71549975872,0.806262910366,0.72535264492,0.767791211605,1.03229510784,1.40090453625,1.01759469509,1.49629104137,0.601462304592,0.696115374565,1.99335157871,0.832608878613,1.36190974712,0.671572506428,1.2349588871,0.784786641598,0.899178564548,0.793367147446,0.947983503342,1.19067633152
"118",1.7724757082741,0.46534332633,0.483850955963,1.87853324413,0.450022757053,1.10507285595,1.29629480839,0.432099282742,0.904061615467,1.31968152523,0.461165070534,0.809638559818,0.32769215107,2.09513354301,1.45236563683,1.67129290104,0.435910433531,0.749676764011,0.498099833727,0.696151912212,0.510959029198
"119",2.31405853850616,0.829768657684,0.31319218874,1.5990229845,0.459581434727,1.59841918945,1.35083782673,1.01671493053,0.961242198944,1.81259143353,0.563127994537,1.14516150951,0.776846170425,0.844001114368,0.928201198578,0.921851754189,0.681055247784,0.742703676224,0.438378453255,1.54806089401,1.08044552803
"120",1.79082232799564,1.22887551785,2.36263489723,0.577553629875,1.67946696281,0.475137919188,0.841804206371,1.190559268,0.862627089024,0.527981638908,1.06724512577,0.970396757126,0.680339515209,1.18619823456,0.820573329926,0.905106365681,1.32073545456,1.37852680683,1.5519515276,0.8845089674,1.29237818718
"121",3.02575601126314,1.67963683605,2.21642923355,0.331540971994,2.06251978874,0.478165358305,0.544157445431,1.875649333,0.789692878723,1.48998856544,1.57159674168,0.734318733215,1.93682646751,0.765327632427,0.365771353245,0.673169791698,1.80422091484,2.31195116043,2.24616789818,1.60365629196,2.13230609894
"122",1.1105200130471,0.61120814085,2.79957222939,0.931333005428,0.994850099087,0.349815547466,0.842698991299,1.47519350052,0.814027667046,1.24728858471,0.757171988487,0.351349174976,0.556820869446,1.08150732517,1.12099730968,0.401028424501,1.82481408119,3.13499999046,0.274636894464,2.15928936005,0.404269695282
"123",1.97145492166414,0.938988506794,0.97166633606,0.716259598732,1.02637910843,0.890214383602,0.883996665478,1.15635323524,1.10942697525,0.909851551056,0.709901213646,1.13793611526,1.24145936966,0.415681391954,0.770367145538,1.0042232275,1.08448910713,1.1886177063,1.01781988144,0.941711127758,1.00742602348
"124",1.73102233964205,0.568150401115,1.48319339752,1.27036416531,1.45212197304,1.05316984653,0.807287395,1.17491269112,0.636035263538,1.20318341255,0.522037982941,0.7402587533,0.590649962425,1.53694427013,0.888448596001,1.30308461189,1.11592543125,2.45446825027,0.782801687717,1.25872790813,0.639284431934
"125",2.49347901184943,0.847382009029,0.903402328491,1.12236654758,1.41185295582,1.12982487679,1.5813601017,1.04225099087,1.09119617939,1.14238655567,0.854838073254,1.65654170513,0.954986870289,1.35413849354,1.01205301285,1.52694249153,0.85328322649,0.862836062908,1.03843128681,1.01214575768,0.943437933922
"126",1.76678847104636,0.873258411884,0.915498614311,0.996470987797,1.19100785255,1.11099398136,1.04960381985,0.925170779228,1.06830263138,1.90521192551,1.06958556175,1.12060821056,0.914906024933,1.37601017952,0.98287820816,1.00191485882,0.93728685379,0.991668760777,1.20470762253,0.835008740425,0.999517560005
"127",8.33696765499336,1.94718766212,3.62124037743,0.557950973511,2.84918045998,0.394399344921,0.46217289567,2.20874238014,0.301681816578,3.73075389862,2.25060963631,0.369375646114,1.60449385643,0.619699060917,0.504711508751,0.121137805283,1.85087287426,2.62570810318,1.25643658638,2.73925161362,1.17681908607
"128",2.0575727825756,0.794099926949,0.511604607105,1.10967671871,1.10051524639,1.9952801466,1.3392457962,0.970188558102,0.980019688606,1.86681938171,0.81095379591,1.6366866827,0.493622541428,1.0951192379,0.865821659565,0.659036755562,1.18159687519,0.580465257168,1.59625375271,1.38227331638,1.50266599655
"129",1.28351162982387,0.885549247265,2.09680175781,1.99184274673,1.54044699669,0.527649402618,2.68737649918,0.922236502171,1.91194462776,1.13176393509,0.418774247169,0.490240514278,0.610827922821,2.39493894577,1.50270760059,1.25506532192,0.815561532974,2.18113684654,0.317675560713,1.34575045109,0.66396433115
"130",3.99694441268257,2.51694083214,1.47056865692,0.613148510456,1.68035936356,0.353939414024,0.47840026021,1.6371049881,0.544081926346,1.68730783463,1.82211077213,0.630760669708,1.89528465271,0.708093523979,0.671441257,0.789079725742,1.67895460129,3.06356358528,3.46034502983,1.49917697906,1.68851184845
"131",1.17315810481708,0.825805723667,3.19622564316,0.738523423672,2.21669983864,0.383111655712,0.298554956913,1.084389925,1.13311815262,1.10497844219,1.22161340714,0.233488768339,0.918379962444,0.895140111446,0.628772735596,0.901517510414,0.933592617512,2.02808952332,0.845083236694,2.38892936707,0.718018651009
"132",2.14485413573494,0.407325834036,0.576943635941,1.79077720642,1.1567646265,1.9753575325,0.93624651432,0.930177271366,0.517303109169,2.14747905731,0.319753348827,0.472672969103,0.494650810957,1.97373342514,0.897459983826,0.920335173607,0.707627415657,1.57313525677,0.377807468176,1.2287184,0.577996611595
"133",1.68366968462823,0.856966078281,0.762773692608,1.3667910099,0.615006685257,1.27530574799,1.42298936844,0.818061232567,1.80437755585,0.810848653316,0.675809681416,2.75667619705,0.779414534569,1.04622852802,1.30457305908,1.89016461372,0.731884658337,0.798320233822,0.805061995983,0.783791482449,0.878096163273
"134",1.53510491998732,0.883116543293,1.46002662182,1.02206087112,1.09640038013,0.945481657982,0.785410702229,1.05783450603,0.98203587532,1.01091766357,1.03737998009,0.51164317131,0.910600244999,1.20598983765,0.806475937366,0.835498213768,1.12798392773,1.68122172356,1.0725672245,0.971364319324,0.755489945412
"135",3.24193635735797,1.47176897526,0.652574300766,0.926219582558,1.27935862541,1.92237901688,0.659192025661,1.12357449532,0.55989331007,1.93143856525,1.28293609619,0.696085512638,1.18252289295,0.717097580433,1.11722028255,0.572790205479,1.36411499977,1.22226536274,1.78837931156,1.31603813171,1.81845319271
"136",1.50150314551249,1.81452250481,1.19260823727,0.297866433859,1.62977731228,0.558585882187,0.227385774255,1.61791646481,0.49824616313,3.83980035782,1.23515558243,0.6415117383,1.68482029438,0.345470488071,0.673701584339,0.342187553644,1.87006866932,1.72551751137,2.28976392746,1.84555065632,2.389087677
"137",8.6462631451442,1.09443116188,0.933691442013,0.961696088314,1.30258643627,0.945383369923,0.523631334305,0.964691579342,0.53361415863,1.64396548271,1.97223186493,1.0619828701,1.20749056339,0.456546247005,1.61028599739,0.807147264481,1.49986124039,1.02674674988,1.77738440037,0.946179807186,1.27581548691
"138",2.72210843842061,0.626527488232,1.02783966064,0.735903799534,0.690812826157,1.19901394844,0.984716176987,1.16384994984,1.57214617729,0.215746253729,0.658137321472,1.05867815018,0.534358143806,0.620295643806,0.343026608229,1.17733156681,1.03707385063,1.11106073856,1.55988717079,0.822401881218,1.80808961391
"139",5.69448903612296,1.58187901974,1.34876787663,0.705029964447,1.40503489971,0.552238464355,0.828946113586,0.963194966316,0.67864304781,1.38080561161,1.91543781757,0.80511879921,1.29669046402,1.02558755875,0.870032250881,0.800806820393,1.3908008337,1.66016185284,1.33120834827,1.25452029705,1.05800700188
"140",2.74239118871784,0.458460122347,1.27905917168,0.683008134365,1.31516611576,0.941333115101,2.55711698532,1.43586814404,0.809998095036,1.23855268955,0.36417722702,0.985107839108,0.753110289574,0.839661002159,0.32398223877,1.69054043293,1.11786186695,1.88223087788,0.290612101555,1.70691883564,0.569540500641
"141",1.65879334957998,1.0815114975,1.36917972565,1.11790335178,0.674332797527,0.967658996582,1.21450936794,1.25867629051,1.44619655609,1.0762887001,0.636325836182,1.84086692333,1.31138372421,1.10669326782,0.63721370697,1.24133276939,1.00375163555,1.24074447155,0.749524176121,1.18400800228,0.767352759838
"142",2.42543892664899,0.842140614986,0.592225074768,1.14014554024,0.770166575909,2.18192100525,1.86184644699,0.767367422581,1.82094693184,1.34668183327,0.706269562244,1.51854515076,0.841860413551,1.08275914192,1.39593541622,0.770488321781,0.432456105947,0.199204683304,0.731622576714,0.759795546532,1.13088679314
"143",2.40645416854734,0.55437374115,0.577560484409,1.59931874275,0.456058889627,1.39332592487,1.97557425499,0.549029171467,1.42136991024,0.52445346117,0.358207523823,3.06506276131,0.549776077271,1.8013497591,1.66334402561,2.12969040871,2.15041589737,5.20441102982,0.562202394009,0.752548873425,0.42598927021
"144",3.04248464897521,0.923806011677,0.55557513237,1.14568150043,0.922386884689,2.10616397858,0.583015084267,0.561116099358,1.26554119587,0.819795072079,1.28785049915,1.88166284561,0.639033913612,1.45583117008,0.905465483665,1.0657286644,0.932117581367,1.46132278442,0.861857414246,0.723067224026,0.866705596447
"145",2.9290905817966,0.464381963015,1.67596065998,0.78052508831,1.40462088585,1.62797534466,2.0156815052,1.3062287569,0.481334626675,1.65487110615,1.01342451572,2.45637202263,0.745021641254,0.934838175774,0.782209157944,1.48911774158,1.67305505276,1.22177410126,0.480713486671,0.994991481304,0.963811516762
"146",2.74210976002171,1.25515210629,1.70706367493,0.592008769512,1.60309052467,0.794579446316,0.835168778896,1.44595444202,0.681157529354,1.54258155823,1.43561220169,0.996936738491,1.21846485138,0.680202662945,0.590061366558,0.639874219894,1.32418859005,0.542419373989,1.35598254204,1.01148045063,1.7308037281
"147",1.78130687823291,1.12710273266,0.873899459839,0.974778413773,0.917381227016,0.774443924427,1.25037443638,0.801984548569,1.42237138748,0.915022909641,1.05861961842,1.24913728237,0.892890155315,1.14568150043,1.01921188831,0.879395127296,1.62968873978,0.809611558914,1.12914526463,0.787001371384,1.01065552235
"148",3.10469837815894,0.615569412708,1.3377892971,0.907033264637,2.51949596405,0.474992036819,0.477908670902,1.98760735989,0.189643532038,3.82316565514,0.2965246737,0.37421476841,0.929334938526,1.04722571373,0.675941169262,0.565863311291,1.74821734428,5.27214050293,0.729545652866,3.43196940422,0.85733962059
"149",3.20377144701059,0.447163909674,2.13984751701,0.287262380123,2.27414631844,0.435691833496,0.712464988232,2.40623474121,0.510300159454,2.77646684647,0.633990168571,0.661274254322,1.3603079319,0.394617199898,0.75204449892,0.593203485012,2.49114894867,3.57858228683,0.547020435333,2.36518001556,0.67286169529
"150",2.12707326571677,0.675010979176,0.917796015739,1.01430630684,0.967499792576,1.45162343979,1.23438537121,0.951272785664,1.32171821594,0.931179344654,0.581543564796,1.54322385788,0.742068946362,1.1863193512,1.0231423378,1.25332558155,0.905536293983,1.17953145504,0.662212073803,0.897404372692,0.732720255852
"151",3.19038894499922,1.24916827679,0.583938777447,1.51059734821,1.0813959837,0.897579848766,0.779827535152,1.09407842159,0.706801176071,1.53205358982,1.51105117798,0.941451191902,1.1058588028,1.00459575653,1.57622289658,0.7304443717,0.778234302998,0.729395389557,0.821764886379,1.23422884941,0.240038901567
"152",4.27493980183065,1.37498569489,0.742047011852,0.956383168697,1.30994510651,0.768784761429,0.812247931957,0.955754935741,0.889901161194,1.80767071247,1.68642938137,0.92689293623,1.10805141926,0.830195307732,1.45164561272,0.788714826107,0.970948457718,1.02203404903,1.19448173046,1.02844750881,0.98251080513
"153",1.73622099410978,0.881923079491,0.677583098412,1.15549886227,1.04432046413,0.467218756676,0.506075501442,0.540998935699,2.46477270126,0.708920240402,0.718483090401,0.611833035946,0.479090124369,1.46845328808,1.72656023502,1.41705107689,1.28790700436,1.32140696049,0.455330520868,0.541182637215,0.706837594509
"154",1.44104801180748,0.938480019569,1.35543954372,1.29326462746,0.562235593796,1.14722800255,1.16675984859,1.18330693245,1.31068229675,1.16826581955,0.567855417728,1.8945274353,1.28184759617,1.26769435406,0.635522305965,1.23206734657,0.944718718529,0.951943457127,0.709340572357,1.19493985176,0.731199920177
"155",1.9160626575798,0.56462675333,1.44231927395,0.712887704372,1.51895582676,1.91389489174,1.41842877865,1.14199113846,0.716109037399,1.81980633736,0.772279679775,1.53328430653,0.817148983479,0.853935301304,0.747668683529,1.21121871471,1.58113241196,1.41843080521,0.451749175787,1.09047949314,1.14473247528
"156",6.48865895063845,1.36609256268,0.461719572544,1.3023827076,1.14693546295,0.919535040855,0.879550695419,0.686180472374,0.654880404472,1.36765551567,1.93970823288,0.885154485703,1.16045069695,1.32982778549,3.83562970161,0.741136074066,0.767391562462,1.11579501629,0.873097240925,0.928937077522,0.710176169872
"157",4.86226247722762,0.441159456968,0.304705709219,2.39493894577,0.337551981211,3.17004752159,11.2495498657,0.493470996618,2.18850755692,0.45032069087,0.297822415829,4.74984359741,0.340303272009,2.0648598671,1.84397614002,2.59747862816,0.335292339325,0.520109176636,0.362592428923,0.638340771198,0.552383065224
"158",3.57065461691947,1.1417298317,0.778718352318,0.990635156631,1.40019261837,1.38446605206,1.07035386562,0.935285806656,0.724562048912,1.57403719425,1.47588729858,1.14991772175,1.19070017338,1.09665453434,1.03224825859,0.807528376579,1.06231808662,0.628823101521,1.20941627026,0.876999855042,0.883723139763
"159",5.15363971429642,0.972556352615,1.00919926167,1.2800078392,1.55728590488,0.455686718225,0.923423707485,0.912816941738,0.832617223263,1.29295265675,1.76512765884,1.06166279316,0.606928765774,0.733459949493,0.55117225647,1.43149840832,2.93377685547,1.65769147873,1.85660684109,0.850387096405,1.40669739246
"160",8.84732471549094,1.52670228481,0.875578343868,0.770752906799,1.21941351891,1.22514212132,0.930946707726,1.43632292747,0.850886404514,0.853398799896,1.9142216444,0.954980492592,1.37434065342,1.0261991024,0.815157949924,0.642892837524,1.06712448597,0.415056675673,1.03686571121,1.37004578114,1.62967157364
"161",5.58618908600676,1.46460294724,0.408697038889,1.24307358265,0.804320693016,1.39031946659,0.925645172596,0.790954947472,0.670661747456,2.05345439911,1.84537649155,1.09101939201,1.3691470623,0.58353549242,2.48849320412,0.71039801836,0.616579413414,0.897661149502,0.478974997997,0.99448299408,0.589855968952
"162",2.05052572036353,0.746459662914,0.242722302675,1.99090838432,0.446780472994,2.07359004021,2.59242773056,0.662054181099,0.834934294224,1.53938889503,0.682368159294,1.26312184334,0.673759400845,0.931333005428,1.71443152428,1.00654923916,0.603673875332,0.601488411427,0.509048044682,1.56752979755,0.812196791172
"163",2.32370971021754,0.860249578953,0.931035518646,0.955489695072,1.03074514866,0.933372735977,1.3723897934,1.02921974659,1.6298674345,1.07965242863,0.97716486454,1.30192697048,0.844243466854,0.707420229912,1.23842632771,1.13067317009,0.975480496883,1.01420283318,1.00520813465,0.928230404854,0.703895926476
"164",1.20415752586104,1.8334723711,1.50279211998,1.10669326782,1.31889772415,0.908500671387,0.895660161972,0.86505573988,0.71878772974,2.22089481354,1.19637429714,0.706426501274,1.47624623775,0.921095609665,1.79271745682,0.676683545113,1.32382047176,1.34531533718,1.20776176453,1.25787222385,1.2452300787
"165",2.55549626802201,0.369321733713,0.468313455582,1.67322409153,0.705139577389,2.30352210999,2.54862260818,0.605992972851,1.61018395424,0.690049648285,0.55960214138,13.3382806778,0.620011150837,1.86572122574,1.43691754341,2.48533630371,0.655772209167,0.648485898972,0.776272237301,0.608123421669,0.650160968304
"166",2.24916766569588,0.697288095951,1.74826407433,0.840454161167,1.7507250309,0.624372124672,0.716369271278,1.4790251255,0.711037516594,1.66792356968,0.972853183746,0.593649446964,1.03995549679,0.978800296783,0.751410007477,3.08531904221,1.03342926502,1.12234890461,1.02361524105,2.09328436852,1.10561299324
"167",1.88781434125521,0.894382417202,1.13214278221,1.22479569912,0.974029421806,1.22218668461,1.16698241234,0.836020648479,1.11111485958,0.605040132999,1.21410703659,2.04785728455,0.8499314785,1.47805929184,1.18670523167,1.62844741344,1.04161310196,0.840626895428,1.2477632761,0.905405044556,0.815890610218
"168",1.58642889457856,0.937236785889,1.19060134888,0.782618045807,0.955491542816,0.882649242878,0.929125368595,1.19475066662,0.601625263691,1.44972395897,0.798972189426,1.2429651022,1.1325596571,0.935781896114,0.824388563633,1.61352348328,0.832532644272,0.787666261196,1.03961539268,1.38365292549,1.00593793392
"169",1.59971748483033,1.62222397327,2.02643442154,0.601814627647,1.51821863651,0.547503471375,0.598638832569,1.49300825596,0.838057041168,2.86935329437,1.45085668564,0.790519118309,1.64872598648,0.577553629875,0.564663350582,0.702276289463,2.52561020851,1.52390933037,1.85799908638,1.98253011703,1.4588624239
"170",8.39715461315991,1.76315414906,0.715027034283,1.16544926167,1.04247570038,1.28663814068,0.633394300938,0.740099906921,0.40667450428,2.44282031059,1.92732989788,0.793588876724,1.56167328358,0.464250445366,3.8190331459,0.669293761253,0.998305797577,1.24485480785,0.848434865475,1.31946134567,0.607392549515
"171",2.54099766777155,0.841286540031,1.38181936741,0.870781838894,1.91940772533,2.70340633392,0.955797791481,1.12233757973,1.16106402874,1.17149460316,0.655609667301,0.651066243649,0.990726351738,1.00824058056,0.784560978413,0.818196237087,0.965889215469,0.892124950886,0.78935444355,0.986794710159,1.2673522234
"172",3.60184567389405,0.798126101494,0.493009537458,1.90168845654,0.476300239563,1.68174934387,1.98633491993,0.875970840454,2.36769199371,0.417607307434,0.870248019695,3.01824855804,0.333616197109,2.20696091652,1.24635279179,2.15406727791,0.434510916471,0.734845519066,0.78225761652,0.738683998585,0.967891097069
"173",1.90934155220382,1.58248865604,1.23225176334,0.607732951641,1.47823691368,0.855736970901,0.800554037094,1.39164209366,0.773489177227,1.59211921692,1.32809782028,0.961281657219,1.52079510689,0.8886256814,0.767907679081,0.666552245617,1.1148211956,1.62372219563,1.40270328522,1.47812831402,1.306448102
"174",4.38962925433035,1.5067255497,0.756494939327,0.954792916775,0.662273943424,1.21940529346,0.993429899216,0.523598134518,1.75585484505,0.974620401859,1.75212800503,2.39834451675,1.3801394701,1.12617921829,1.30279636383,1.03562247753,0.681949853897,0.564970374107,1.42848181725,0.516282439232,1.64347958565
"175",2.25178973942548,0.532402336597,1.47061288357,1.06543493271,1.35417854786,0.574530780315,1.05364155769,0.399263858795,2.9166996479,0.732033669949,0.456886440516,0.541489839554,0.490146100521,1.26168072224,1.71155965328,1.81012034416,1.6598610878,2.16013813019,0.342729061842,0.441171646118,0.782051742077
"176",1.82560444495047,0.926335275173,0.606346726418,1.27609419823,0.915880262852,1.67672717571,1.26527512074,0.900474369526,1.25593757629,1.01249229908,0.988549470901,1.4532302618,0.726438105106,1.0521889925,1.18366920948,1.40743279457,0.55563634634,0.373138189316,0.954939484596,0.918860971928,1.20891702175
"177",1.8927183437483,0.689809501171,0.670163035393,1.38358831406,0.41342946887,1.65268516541,1.49076032639,0.514186263084,1.94424474239,0.579676985741,0.660466253757,2.94175887108,0.602708339691,1.6369535923,1.50040066242,1.8519295454,0.483028203249,1.4696931839,0.595269143581,0.571891784668,0.651717245579
"178",1.62664716315893,0.708091199398,0.759729623795,1.12605142593,0.674916327,1.27674174309,1.48734927177,0.86386692524,1.36396276951,0.703507363796,0.574440658092,2.36930584908,0.753874123096,1.47738981247,0.876105368137,1.25048053265,0.755356669426,0.849543273449,0.775339961052,0.835067629814,0.755456805229
"179",7.07821134593312,2.01823878288,1.25960934162,0.659004688263,1.26890385151,1.43999314308,1.19103062153,1.16363012791,1.1530507803,1.09442174435,2.20428109169,2.19685840607,1.69843697548,0.78052508831,0.808087289333,0.93773072958,1.61737036705,1.56737291813,2.93363261223,0.793328583241,2.08748102188
"180",0.994454104157244,2.25096797943,0.866672933102,0.897837519646,0.785977125168,1.24779784679,1.89231359959,0.920982301235,1.21784746647,0.866362631321,0.834379851818,3.123452425,0.978639304638,1.03537070751,0.959090352058,1.10748195648,1.03002631664,0.573999524117,0.965842247009,2.25636386871,1.01542329788
"181",10.7977669835237,1.0254458189,0.476572871208,1.17577576637,1.25249040127,1.04071688652,0.904481172562,0.725093245506,1.04791855812,0.844789505005,2.17889356613,1.13080692291,0.694306731224,0.888889253139,1.72936165333,1.00486600399,0.841950297356,0.776416957378,1.13451850414,0.917135417461,1.41232156754
"182",2.15546929090265,0.82553166151,0.803480446339,0.946145534515,0.895958304405,1.49669349194,1.2743575573,0.872016727924,1.52069067955,0.322170555592,0.766733169556,1.56948268414,0.781053006649,1.98096144199,1.29455900192,1.29623115063,1.09353291988,0.658232152462,1.49683904648,0.833572566509,1.03474187851
"183",2.9885460062374,1.53676402569,0.963619470596,0.811083734035,0.764006972313,1.79810249805,2.67873311043,0.727836787701,1.88421547413,0.603956878185,1.2933781147,3.97689080238,1.34537053108,0.961696088314,1.04589128494,1.15832722187,0.916196525097,0.396177530289,1.24429106712,0.648738920689,1.13478255272
"184",2.36214348103484,1.43351483345,1.12589037418,0.71902936697,1.14200639725,0.937068283558,3.08177709579,1.48949980736,0.903225719929,1.25139200687,0.918872356415,2.12971377373,0.775351047516,0.872076630592,0.689473450184,0.815860271454,1.59917843342,0.310531228781,0.842549562454,0.981139063835,1.40897989273
"185",3.98359615861807,0.397794514894,0.488185375929,1.66110253334,0.555084764957,2.75694179535,1.76850771904,0.519726634026,2.01380419731,0.632937192917,0.564750611782,3.76602554321,0.341402649879,1.84665286541,1.44649922848,1.30383551121,0.50026255846,0.408840298653,0.798611462116,0.5398619771,0.937984287739
"186",1.83681463985349,0.867985248566,0.49613237381,1.65729856491,1.01216316223,1.60280704498,0.571593523026,0.707840681076,0.766701757908,1.67354333401,1.12318456173,1.12274336815,0.950595319271,0.924455523491,2.51010918617,0.804644048214,0.76893144846,0.686361789703,0.770090222359,0.95486754179,0.926779747009
"187",1.04944100346446,0.941596210003,1.43323600292,0.889732301235,0.983933269978,0.933240115643,1.11371612549,1.01438760757,0.788003563881,1.07018852234,0.796509563923,1.44684827328,1.07970905304,1.32875525951,0.583635926247,1.00332045555,1.41788446903,2.14371204376,1.04424977303,0.944620966911,0.856809973717
"188",4.76491537730586,2.0639128685,1.49090397358,0.394617199898,2.10527634621,0.607624292374,0.543139159679,1.85735952854,0.31725409627,2.87125039101,1.58044350147,0.564050316811,2.07699227333,0.503896296024,0.481276333332,0.407539129257,2.09274029732,1.58507668972,2.20118045807,1.91604435444,2.24202775955
"189",2.02392649066923,0.933940351009,0.833681106567,1.14503920078,0.876521587372,0.692619621754,1.26762664318,1.06755256653,1.23919892311,0.809827744961,0.824940621853,1.32014107704,0.997552514076,1.42403674126,1.08215224743,1.28721559048,0.755477666855,0.804003596306,1.3000497818,0.906049847603,0.941407620907
"190",1.74260649433006,0.867222368717,1.34301888943,1.08923327923,1.49371898174,2.05859947205,1.01544451714,1.11020708084,1.13390731812,1.64387619495,0.650374889374,0.391801178455,0.948991179466,1.32378447056,0.93876105547,0.646285533905,1.08245050907,0.994454562664,0.7074431777,1.17999720573,1.05340397358
"191",2.63598131388503,0.703090846539,0.790457308292,0.730241000652,0.876995682716,2.25317597389,1.2545645237,1.11691868305,0.669548511505,0.940035939217,0.820892691612,1.38672697544,0.917943060398,0.892282366753,0.879516720772,0.833560287952,1.5008957386,1.47642219067,0.815293252468,1.36980140209,1.09462535381
"192",2.09662391263652,1.15384054184,0.741676270962,0.85328322649,0.768267333508,1.88568329811,0.684067428112,1.20629811287,0.719347298145,1.83200418949,0.929651379585,1.11462664604,0.994259238243,0.862673997879,0.856742978096,0.750716686249,1.34134268761,1.14832210541,1.29857575893,1.4177018404,1.54155504704
"193",2.20535402197786,0.933643817902,0.733264088631,1.38098871708,0.698267638683,1.8513071537,2.54163718224,0.627736151218,1.42137598991,0.831378996372,1.02054822445,2.1720252037,0.926738202572,1.5990229845,1.43424367905,1.4685498476,0.72411853075,0.912229955196,0.959935903549,0.625729084015,0.899580836296
"194",3.77825543413103,0.794232428074,1.17071163654,0.657848715782,0.937129497528,3.18616890907,1.8811801672,1.29169309139,1.18992483616,1.2214525938,1.08316719532,1.33886146545,1.45137703419,0.762672543526,0.882875680923,1.16965484619,0.616702854633,0.90363150835,1.04109561443,0.969684422016,1.07415175438
"195",4.26408755632379,1.77510261536,0.885169267654,0.839661002159,0.813821196556,2.47249007225,4.76034164429,0.656881392002,1.85158348083,0.992641925812,1.32135772705,4.01759386063,1.32788431644,0.976431727409,1.17245471478,1.27277672291,0.813734233379,0.332585692406,1.29060828686,0.546689271927,1.25613045692
"196",1.69661085642338,0.745405733585,0.937535345554,1.06049704552,0.958909273148,0.787280976772,1.35543560982,1.12684202194,1.30111515522,0.773231804371,0.864398479462,1.21634948254,0.878230154514,1.25913131237,1.22408342361,1.35013842583,0.760867238045,0.850577712059,0.870998561382,1.09835791588,0.891152143478
"197",2.36138441282291,0.484867870808,0.621355414391,1.97373342514,0.413241058588,2.24481320381,1.9187451601,0.661981582642,1.3435986042,1.72498524189,0.525206446648,1.68843781948,0.665447711945,0.645881950855,2.15318202972,1.73808503151,0.531666100025,0.267345130444,0.983135998249,0.923805117607,0.79216581583
"198",1.022587656396,1.6714553833,0.793297946453,0.921791553497,0.998400986195,0.590392351151,0.978964149952,0.729476034641,1.32552790642,0.970412492752,0.764208078384,10.1803979874,1.09756314754,1.05581367016,0.939912199974,1.42584550381,0.90764850378,0.87907230854,1.23377335072,0.790681600571,1.04654884338
"199",3.34582458404328,0.546206951141,1.0649920702,0.886935770512,0.985468685627,2.80887889862,1.60075926781,1.39045214653,1.20592200756,0.813809514046,0.586706936359,0.547003507614,1.19047760963,1.02206087112,0.924483716488,1.69182419777,0.708449840546,1.06868517399,0.591106712818,1.00827479362,0.716975152493
"200",2.21539715367913,0.364561885595,0.57577508688,1.32590079308,1.4125289917,0.483098715544,0.657517492771,0.339586168528,2.63130688667,0.695483028889,0.353749752045,0.474610537291,0.420520335436,1.55755770206,1.72256696224,1.93543422222,1.76326680183,3.94433784485,0.290392518044,0.560940086842,0.752378761768
"201",1.89728828143987,1.08666217327,1.27518415451,1.16520595551,0.984434485435,0.887619495392,1.36897933483,0.886141002178,1.16385436058,1.03293812275,0.88226377964,1.03949439526,0.970418035984,1.27788317204,1.31062984467,1.12336885929,1.20882415771,1.02534115314,0.929603993893,0.925736546516,0.951100409031
"202",2.46917502029833,0.672359466553,0.531709730625,1.56607294083,0.431820392609,2.48311424255,2.56329059601,0.55957120657,2.05840110779,0.489568203688,0.558487892151,2.88040232658,1.69574463367,1.7333855629,1.80823278427,2.30169510841,0.740235805511,0.265559256077,0.697469651699,0.704102396965,0.57908987999
"203",2.39649406665967,0.90753942728,0.810122072697,1.48941028118,1.27611362934,0.958008468151,0.635345339775,0.905603647232,1.02362108231,1.09247589111,1.13433134556,2.10178589821,0.986267805099,1.67254126072,0.864180028439,1.0657235384,0.984800696373,1.00794398785,1.08919322491,1.08539032936,1.11492443085
"204",2.09004751606998,0.956531822681,0.94163030386,1.13554251194,0.788308024406,1.16303777695,1.371352911,0.858367204666,1.65605044365,0.91410189867,0.965440750122,2.34205651283,0.706367909908,0.905456006527,1.01018714905,1.51705932617,0.960873305798,1.07022535801,1.08516466618,0.949768900871,1.06776332855
"205",2.03504035042035,0.505208015442,1.51042735577,1.0521889925,1.3144865036,1.99219417572,1.32438933849,1.40531635284,0.55205053091,1.25534248352,0.511818349361,0.445079177618,0.759001791477,1.25365912914,0.842143058777,0.665560662746,0.938362777233,1.28525543213,0.488212376833,1.75408744812,0.679696202278
"206",1.80963087779118,0.885966956615,1.00553894043,1.47321403027,0.619067013264,0.970547616482,1.27098333836,0.903489351273,1.74186348915,1.71076977253,0.606311500072,1.91932713985,0.544087350368,0.973101854324,1.04102313519,1.52006578445,0.72772783041,0.567927479744,0.57803684473,0.965249240398,0.688014566898
"207",11.1131521506164,1.50094163418,0.385016262531,1.09382390976,1.057746768,1.45864605904,0.932561278343,0.831287026405,0.546956002712,1.68876302242,1.98677170277,1.0096834898,1.59031641483,0.481838911772,1.97255730629,0.716060876846,0.819328069687,0.638820052147,0.564049243927,1.25664448738,0.679301559925
"208",1.13056140560722,2.05502843857,3.41259598732,0.54893130064,2.2481534481,0.408321112394,0.460976004601,1.59649813175,1.03000426292,1.63095271587,1.41069281101,0.329568356276,1.63928449154,0.601814627647,0.551183819771,0.681353747845,1.80821037292,1.79273545742,1.83865976334,1.87996244431,1.73291623592
"209",1.7672297421198,1.14938485622,1.49556910992,0,1.45205128193,0.794248759747,0.258043110371,1.39916217327,0.716978609562,2.65339279175,1.35121273994,0.948816537857,1.0704498291,0.511934041977,0.419541746378,0.501150250435,1.80610513687,1.16322577,2.12493610382,1.20494949818,2.12780857086
"210",2.06799590629027,2.70367431641,1.96398282051,0.446921318769,2.15886950493,0.399164110422,0.424517929554,1.84224998951,0.394484370947,2.22968173027,1.63869202137,0.683760881424,1.71460819244,0.557950973511,0.515752911568,0.91658103466,2.24847912788,2.1248884201,2.28018569946,1.76695168018,1.07812142372
"211",7.19273551607497,1.69506549835,1.63941574097,0.571423470974,1.68128108978,0.506911158562,0.627392649651,1.12137794495,0.655775368214,1.59053325653,1.94084072113,0.757262945175,1.42150080204,0.867626905441,0.704234361649,0.722796261311,1.33029961586,1.99003136158,1.6505792141,1.36907660961,1.35369038582
"212",2.67264023062924,1.60126006603,1.37186312675,0.643448531628,1.52777564526,0.889492213726,0.764847517014,1.51092720032,0.999482274055,1.75287175179,1.49483191967,0.808717191219,1.69468080997,0.625916838646,0.788029909134,0.839308798313,0.978708863258,0.640912473202,1.2026809454,1.46746206284,1.51464939117
"213",1.22891546766937,0.19840914011,0.170908600092,1.32982778549,0.0812091082335,1.05765998363,0.499031275511,0.0870162919164,0.810207843781,0.50212597847,0.0584136769176,4.15023469925,0.196535512805,3.1026468277,4.78140068054,1.45568740368,1.44911921024,5.4827208519,0.533243060112,0.232350125909,0.137901514769
"214",1.84998620337424,1.19825828075,1.58377349377,0.591298937798,1.38527560234,0.605094671249,0.785151183605,1.85224223137,0.757837295532,2.33346295357,1.14462649822,0.822410464287,1.50093734264,1.36437916756,0.573879420757,0.773508369923,1.31447827816,1.30309522152,0.980885982513,1.19948279858,1.23483169079
"215",1.39731130149222,1.57664835453,3.31825828552,0.565915703773,1.73863208294,0.640308260918,0.632091462612,1.4014043808,0.794315755367,2.15350341797,1.41804671288,0.770877182484,1.47681927681,0.750086545944,0.649963200092,0.668839156628,1.92105305195,2.03946208954,1.90440714359,1.44649648666,1.58929598331
"216",4.29289766278169,0.341313123703,0.514029383659,2.57062983513,0.253500670195,2.36324095726,7.59980010986,0.402868002653,2.6066801548,0.39658126235,0.213578104973,9.39258575439,0.362028896809,2.12166070938,1.86998748779,2.77591872215,0.355349093676,0.427482247353,0.327525138855,0.53324586153,0.434597939253
"217",2.25800590207727,0.945698082447,1.08611929417,0.888889253139,1.05352854729,1.21445560455,1.35108971596,0.964448690414,1.38774037361,0.928528785706,0.664303183556,0.998245835304,0.877067565918,1.03099393845,1.13948249817,1.15159404278,1.00510370731,0.771523654461,0.646572768688,1.05314481258,0.777958989143
"218",12.2995197857967,1.94221460819,1.85196483135,0.599558711052,2.0396361351,0.755690276623,0.679271101952,1.79406177998,0.768299937248,1.8456351757,2.08299064636,0.744179427624,1.99469029903,0.590216398239,0.549531579018,0.736544847488,1.21215462685,0.431240141392,1.37581336498,1.78463876247,1.696367383
"219",2.88251576445772,0.763150572777,0.625973820686,1.56931579113,0.642655611038,1.88500988483,1.72300732136,0.676735162735,1.73674464226,0.930426597595,0.63993281126,1.6982126236,0.709184646606,1.65179181099,1.47856390476,1.15505158901,0.679417192936,0.451873719692,0.591198563576,0.762493669987,0.735847651958
"220",3.06776789592239,0.909371852875,2.56255722046,0.55234515667,1.85927712917,0.64753973484,0.398704528809,1.80660390854,0.521385729313,1.52264690399,1.29139244556,0.0967800170183,1.5926977396,0.602112591267,0.741722226143,0.500616192818,1.71657967567,1.14004123211,1.33041000366,2.22664952278,1.66965830326
"221",2.18486644057751,1.96939003468,1.70492756367,0.521923542023,1.09654569626,0.869231939316,0.594410300255,2.05113506317,0.330824941397,1.69078707695,1.30182516575,0.798899054527,1.84254515171,0.933990716934,0.633000552654,0.825374245644,1.57583963871,1.74649262428,1.3489010334,2.20546078682,1.32979094982
"222",1.62061660356102,1.01149916649,0.161238506436,1.53165912628,0.747587382793,1.60179007053,0.411071330309,0.634839594364,1.34224164486,0.435380935669,0.730996310711,1.19500243664,0.726733982563,1.14503920078,1.99762964249,0.940036356449,0.727408647537,0.715632140636,0.597675919533,0.77080732584,0.63975161314
"223",2.27728869284082,0.393502175808,0.95073312521,1.67082428932,1.27541160583,0.734226942062,0.839552521706,0.842736780643,0.605530798435,1.80245304108,0.149144351482,0.442624747753,0.55767595768,1.83787703514,1.0549672842,1.08994925022,0.462465435266,0.642125368118,0.5784278512,1.22880756855,0.591490149498
"224",1.26011247380307,1.22526299953,2.41340279579,0.620295643806,1.67929089069,0.569527506828,0.801222383976,1.30384421349,0.947922050953,0.503087222576,1.03928422928,1.11039125919,0.605669379234,1.54957640171,0.682868778706,1.0056180954,1.3093855381,1.44918000698,1.5097360611,0.799512624741,1.2630302906
"225",1.3982935254589,0.948471844196,1.00917899609,0.978182077408,0.800009906292,1.04849886894,1.1252361536,0.552692949772,1.56897008419,0.823843121529,0.817721188068,0.806805193424,0.877572536469,1.16520595551,1.07983887196,1.0262567997,0.766757309437,1.18688631058,0.937967300415,0.532713651657,0.989595532417
"226",1.19573361501091,1.5837212801,2.5328643322,0.319759756327,2.56266236305,0.445629417896,0.679146707058,1.68670284748,1.01118385792,1.39300572872,1.3165012598,0.280822783709,1.67581677437,0.451564848423,0.51897329092,0.536810398102,2.67741250992,3.87651515007,1.43328309059,1.94236922264,0.969328463078
"227",6.92084790301484,1.75894546509,0.742977440357,0.359903544188,1.14610767365,0.556865215302,0.949064493179,1.63189554214,0.515674710274,1.706594944,1.83635103703,20.225528717,1.62939810753,0.489776015282,0.527859270573,1.07898497581,1.28611493111,0.751685976982,2.4793138504,0.83681756258,1.39385616779
"228",1.87852803502054,0.370417863131,0.694673955441,2.46004080772,0.811918795109,0.727481126785,1.3264977932,1.10387778282,1.45975446701,0.654703676701,0.693748116493,4.73570871353,0.569202780724,2.74994111061,1.14897942543,2.54441022873,0.7588570714,1.16320466995,0.672452747822,0.932263374329,0.964811205864
"229",2.05865434231063,0.926818668842,0.692154109478,1.07626616955,0.70220631361,1.52426254749,1.42731678486,0.573651790619,1.67580962181,1.35872292519,0.949180364609,2.42086577415,0.836477637291,1.27036416531,1.42896544933,1.76147687435,0.789543390274,1.242639184,0.886562824249,0.597744882107,0.872658967972
"230",1.86317744824253,0.437582761049,1.05196583271,1.47738981247,1.24835240841,1.3278888464,0.98592787981,0.918163657188,1.17988693714,0.909051001072,0.961306393147,0.743839561939,0.674216747284,1.66581737995,1.06474626064,0.987150967121,0.864268243313,1.46871519089,0.53541457653,1.12674915791,1.10024654865
"231",3.37840142716565,0.508239448071,0.611452758312,1.5523608923,0.424294114113,2.11301040649,1.9818136692,0.676591277122,1.34342360497,0.771433889866,0.394645422697,3.90230727196,0.518565654755,1.83856070042,1.38513827324,2.04758572578,0.526402413845,0.516263186932,0.405891060829,0.507863938808,0.517864823341
"232",3.21773166160911,0.800478100777,1.36119496822,0.888264715672,2.37129616737,2.38905358315,1.03163516521,1.58784615993,0.572686970234,2.34114551544,0.551926016808,0.591308534145,1.06923520565,1.02805435658,0.602793991566,0.772471189499,0.919067800045,1.06170940399,0.757251441479,1.53980660439,1.23430657387
"233",2.6714643271853,1.19920372963,2.09357762337,0.666093409061,1.91695642471,0.620283782482,0.789217412472,1.04510760307,0.983255982399,0.450691461563,1.2998303175,0.974030315876,0.575800359249,1.17842054367,1.03091037273,0.959510266781,1.40173113346,1.13777446747,1.86202931404,0.795530974865,1.32205355167
"234",1.87437580356983,0.975666582584,1.17084348202,0.717097580433,0.987120389938,0.744601845741,0.904392361641,1.43885648251,1.06083297729,1.66096711159,0.831624031067,1.15556061268,1.34472596645,1.54683160782,0.75183224678,0.944729030132,1.02989423275,1.03705561161,0.970849871635,0.996738016605,0.875589191914
"235",1.99648535656918,0.477889090776,0.453988969326,1.65582549572,0.530774474144,0.948761343956,1.36152338982,0.449522614479,2.04301381111,0.6839402318,0.486815720797,2.79871273041,0.543488919735,1.80976653099,1.76873028278,2.14188504219,0.495964676142,0.541339337826,0.637339174747,0.455509454012,0.496254473925
"236",2.03238701220725,0.674694001675,0.835447609425,1.90591156483,0.921878576279,1.01022863388,0.94444167614,0.709889054298,1.51600062847,0.715266406536,0.559406340122,0.801177322865,0.558977842331,2.12913012505,1.20446920395,1.75203275681,0.868980765343,1.2708427906,0.568483173847,0.741221606731,0.569926321507
"237",2.03916003609295,1.16752016544,1.34835505486,0.396849125624,1.52553641796,0.36509770155,0.731928944588,1.84932279587,0.45291736722,2.30507349968,0.7744140625,0.575172483921,1.42893147469,0.54893130064,0.638190984726,0.960591137409,1.17448472977,2.1435546875,0.759116530418,1.40545165539,0.91398859024
"238",3.68530285308933,1.54748594761,2.29017472267,1.04620552063,1.45382905006,0,0.248083814979,1.07387423515,1.23196280003,0.873395800591,1.87848126888,0.482542008162,1.70261371136,1.23562562466,0.789800226688,0.859309494495,1.09473395348,3.61747789383,1.47570848465,1.32470953465,0.900212466717
"239",2.45510612125879,1.05943214893,0.907300591469,0.928939759731,0.922313034534,1.32829153538,1.04045343399,1.21901118755,1.02686285973,0.955439627171,1.14838016033,2.01460814476,1.26648962498,1.07371449471,0.909878432751,0.967380821705,0.734932422638,0.62748003006,1.5150655508,1.07622659206,1.13416361809
"240",2.51835575801275,2.02905082703,1.51767718792,0.702251195908,1.45129263401,0.34278395772,0.455827325583,1.43324959278,0.591172099113,1.42725348473,1.66831016541,0.52482843399,1.63496911526,0.840454161167,0.740063905716,1.24992907047,2.01508164406,4.74351739883,2.4339556694,1.79478740692,1.1625841856
"241",0.605078241619939,1.40031683445,3.95571041107,0.396236121655,1.53257966042,0.322590202093,0.809396922588,1.38671898842,0.899920642376,1.88182258606,1.05858528614,0.78267365694,1.3065315485,0.907033264637,0.435055315495,0.648287713528,1.69281196594,1.91845607758,1.60584938526,1.38377296925,1.35306191444
"242",1.45970059858886,0.58558088541,1.5967515707,0.765313744545,1.4812977314,0.795773029327,0.825499415398,1.42574620247,0.536372601986,1.91717576981,0.504623413086,0.659265577793,1.28724753857,0.928939759731,0.607379257679,1.06427013874,0.92859518528,0.61535692215,0.957524836063,1.88589096069,1.06264030933
"243",1.81651870093392,0.758948981762,1.01123249531,1.20598983765,0.909223556519,2.25061178207,1.70590901375,0.817045331001,0.941622257233,1.2258439064,0.568778991699,1.33112704754,0.566180706024,1.51059734821,1.03667879105,1.16718006134,0.826392650604,8.10669708252,0.612015128136,0.590442419052,0.808424174786
"244",1.52563409461661,0.964244067669,1.6593490839,0.715630114079,1.86937594414,0.401218920946,0.542488455772,1.78789579868,0.641330361366,1.88657450676,0.637221574783,0.610143303871,1.58002305031,0.860648393631,0.760307312012,0.673452019691,1.74044537544,2.05857992172,1.08208715916,1.8359439373,0.954278588295
"245",9.95101505537043,1.14226019382,0.500671625137,1.08101451397,1.53278577328,0.949203014374,0.838030636311,0.945379793644,0.745738863945,2.19886016846,1.950294137,0.834972083569,1.03390049934,0.69685202837,1.40921640396,0.792846798897,1.15363919735,0.894593119621,1.61612451077,1.01183593273,1.25502407551
"246",1.72193924318543,0.893950045109,1.53172123432,0.807663559914,1.39629089832,0.740179300308,1.02313947678,1.41311919689,0.746615588665,1.35144472122,0.780920445919,0.4227257967,0.840437710285,0.959816873074,0.0816114321351,0.809241771698,1.23247742653,0.945620536804,0.823654532433,1.56180357933,1.05409932137
"247",2.09678971970707,0.338588058949,0.923156023026,1.76160788536,1.077688694,0.746965944767,0.349782198668,0.377706587315,2.15374279022,0.403974115849,0.490067571402,0.333245128393,0.401842147112,1.93984138966,0.941940188408,1.00176203251,1.00364196301,4.29205703735,0.456301420927,1.11672437191,0.459866404533
"248",2.04503452019339,1.02754759789,0.871077477932,1.0054833889,0.722416579723,0.959804058075,1.55042779446,1.01145482063,1.58387470245,1.31796097755,0.99791175127,1.37950384617,0.642496883869,0.76080340147,1.33304786682,1.24032390118,0.952784478664,0.909560918808,1.19117832184,1.07731866837,0.977450072765
"249",2.2685763455787,1.24914205074,1.52596855164,0.711938560009,1.51196801662,0.738251566887,0.83056473732,0.807722091675,0.858127355576,1.60862219334,1.40596783161,1.02536356449,1.2036665678,0.870233893394,0.930773615837,0.91877156496,1.242654562,1.61953580379,1.27485346794,1.01813733578,1.00004768372
"250",2.90258904727156,0.638637900352,0.973905861378,1.37969732285,1.17509865761,0.849495470524,1.33007574081,1.32452702522,0.473756074905,1.39050245285,0.00724695716053,0.582843899727,0.64030277729,1.5915415287,1.2250071764,1.80812239647,0.946495711803,2.71431851387,0.299162894487,1.53720521927,0.372656315565
"251",1.45309633529593,0.977939546108,0.615486085415,0.864550173283,0.735284328461,0.723305881023,1.41458213329,1.00382483006,1.17116558552,0.960213303566,0.590288758278,1.26494085789,0.881556451321,0.541879892349,0.893011033535,0.880999684334,1.12054729462,2.18691039085,0.645161032677,0.936984777451,0.770375907421
"252",1.17127011457484,1.22803199291,0.787767648697,1.07292938232,0.90517282486,1.33559167385,0.886400520802,1.09443223476,1.09221446514,1.97077095509,0.753784298897,0.982761025429,1.09263432026,0.652168035507,1.07855546474,0.876579225063,1.07863259315,0.93913269043,1.22236859798,1.35231363773,1.33235394955
"253",5.87020476155174,0.61084574461,0.477337032557,2.88925290108,0.187033072114,4.28765916824,0.484586566687,0.472865492105,3.92187356949,0.230748727918,0.184158161283,3.03303670883,1.21775913239,2.82074928284,4.73871088028,1.79486775398,0.520025849342,1.74923050404,0.564081788063,1.18155574799,0.0790144875646
"254",3.88875840251015,0.454791069031,0.52061855793,1.34358632565,0.935581088066,1.74338662624,1.60924899578,0.883376836777,0.921028852463,1.10484576225,0.625085532665,4.62481737137,0.836266279221,1.58044350147,0.959853470325,1.75170695782,0.805675685406,0.967094838619,0.955795049667,1.0151501894,0.75572770834
"255",3.72502591708389,0.718795597553,0.718885421753,1.77852725983,0.735550165176,2.09820890427,2.07370662689,0.947847902775,0.386069327593,0.441906452179,0.868981599808,1.70171439648,0.990469872952,2.30396366119,1.4284940958,2.14787220955,0.734853565693,0.259427517653,0.770577251911,2.49269008636,0.792568564415
"256",2.86864754018255,0.519949734211,0.613758087158,1.74685239792,0.423406034708,2.52077460289,2.84855556488,0.554052352905,1.79251742363,0.587264478207,0.430694311857,4.36737680435,0.375299811363,2.31363749504,1.38212966919,2.16767454147,0.792793869972,0.686117649078,0.319387316704,0.383227139711,0.428155243397
"257",2.90381596881897,1.52058637142,1.97757697105,0.392638504505,1.49035799503,0.69419413805,0.414720773697,1.84970033169,0.751701056957,1.4310874939,1.53523910046,0.711266696453,1.37472212315,0.122292295098,0.359984874725,0.746461093426,1.94241273403,1.82393801212,2.4520304203,1.72383236885,3.22516560555
"258",2.87777419308486,0.643170654774,0.558796346188,1.35568904877,0.593343853951,2.22766804695,1.20854926109,0.670189261436,1.61856615543,0.837233424187,0.563477218151,2.69919157028,0.576602041721,2.39442753792,1.59092319012,1.51425874233,0.768599689007,0.599893271923,0.448464125395,0.678443729877,0.621834993362
"259",2.6933929942411,0.92092782259,0.915291726589,0.971852600574,0.815419971943,1.30582153797,2.1793589592,0.846563816071,1.60763609409,0.971010506153,1.1611559391,1.32533955574,1.30890607834,1.14518558979,1.20588064194,1.35576856136,0.761478483677,0.537441432476,0.777288556099,0.508122622967,0.770603716373
"260",2.68846946564286,1.07058155537,0.860617220402,0.708093523979,1.0217217207,0.91695523262,0.898460686207,1.12346422672,0.91243314743,1.56997001171,1.11071538925,1.29385304451,1.19483947754,1.3023827076,1.18668484688,0.87824857235,0.959158062935,1.43090605736,0.943128049374,1.23482573032,1.08641350269
"261",1.81021745685287,1.08839786053,1.90198767185,0.599500954151,1.97403085232,0.481894046068,0.636942088604,1.22574687004,1.43463087082,0.821675896645,1.24474799633,0.241883143783,1.15737760067,0.690388023853,0.783370018005,0.633650422096,1.42691874504,1.47875571251,1.10252952576,1.61772739887,0.85534286499
"262",2.4187445635132,0.891670703888,0.872868716717,1.10102117062,0.816842794418,0.896683216095,1.37184548378,1.30400586128,1.4627366066,1.09528684616,0.80469584465,1.22357571125,0.908005177975,0.930187940598,1.03030490875,0.959040999413,0.897346198559,1.1285187006,0.82766443491,1.03381872177,0.876277506351
"263",4.08271751437224,1.77767765522,1.39294326305,0.484943240881,1.66074299812,0.540604412556,0.484688937664,1.60958433151,0.584959924221,2.43793511391,1.70523643494,0.628854870796,1.77963352203,0.506237208843,0.607536792755,0.629466891289,2.20706629753,1.73196780682,2.00378489494,1.93892586231,1.68123137951
"264",3.51664715345985,1.52277469635,2.35930466652,0.541879892349,3.16684770584,0.689931869507,0.393259435892,2.3492372036,0.304732441902,4.90519952774,1.38111639023,0.165209338069,1.69179677963,0.601746618748,0.426795244217,0.545935928822,1.90456330776,1.30820226669,1.7351320982,2.25938153267,2.34308409691
"265",2.16720298427621,2.21346354485,1.76826477051,0.528669893742,2.01942372322,0.377282857895,0.58536618948,1.80259740353,0.479310870171,2.15943574905,1.33330345154,0.717459440231,1.48746562004,0.600462198257,0.705517590046,1.03506660461,1.71030163765,1.75202941895,1.50552332401,1.6725269556,0.988954007626
"266",2.14298453657806,1.30796647072,0.851434767246,0.929601788521,1.02790927887,0.896684885025,0.902780473232,1.34532761574,0.826056182384,2.1099114418,0.760144889355,0.998595297337,1.17889940739,0.715630114079,0.778917372227,0.844130754471,1.11131930351,1.3553981781,1.17212820053,1.34187555313,1.21880424023
"267",2.80128906872584,0.690076649189,1.09281563759,0.85097527504,0.824034810066,1.56355690956,1.11650025845,0.916900992393,1.79995715618,0.515047073364,0.663230240345,2.11580324173,0.744535088539,1.6288690567,0.752866864204,1.96610796452,0.620765805244,0.447690665722,0.898874163628,0.829969704151,0.885823309422
"268",2.16840140889963,0.776932120323,0.674027383327,1.27809894085,0.556660234928,1.32304739952,0.801238417625,0.766691505909,1.81340324879,0.695148468018,0.677256822586,1.78173410892,0.762067675591,1.3536491394,1.43229866028,1.2126455307,0.681305348873,0.94016456604,0.734594702721,0.777093648911,0.840216159821
"269",2.36260097250424,1.00472795963,2.01722359657,0.288640379906,1.43034255505,0.670413017273,0.698082208633,1.22549200058,0.853964209557,0.51170951128,1.21594130993,1.0831785202,1.56034839153,1.19964873791,0.534447848797,0.825479745865,1.65997111797,2.70628237724,1.45568954945,1.52220404148,1.62995755672
"270",1.96508500342919,0.412801086903,0.399488180876,2.12913012505,0.603774905205,1.48710536957,2.77552700043,0.512712836266,1.76931905746,0.779638290405,0.215009480715,3.12132763863,0.325171470642,1.25425469875,1.06807494164,2.15038824081,0.912299156189,0.937867105007,0.468856871128,0.388762354851,1.13089430332
"271",3.42535354997521,0.608660101891,0.593868017197,1.04722571373,0.572012901306,1.79940617085,1.8462883234,0.692714095116,1.73878633976,0.427045226097,0.570798754692,2.47356557846,0.650368094444,1.89300310612,1.02233278751,1.43377876282,0.540752887726,0.589964568615,0.602660596371,0.764662265778,0.840527117252
"272",3.72082871975248,3.47521209717,2.12458562851,0.649868965149,1.70329093933,0.520282030106,0.41503611207,1.85423576832,0.588836431503,1.53697943687,2.19864201546,0.561864674091,2.21851539612,0.72860699892,0.439936429262,0.778384208679,1.53629589081,1.06490159035,2.43569612503,2.07866573334,1.97769773006
"273",1.84170881256952,1.22380328178,1.74363350868,0.733459949493,1.37201881409,0.714830696583,0.794866681099,0.806279063225,0.908493757248,1.50012874603,1.4007589817,1.05010390282,1.27454221249,0.799226760864,0.929445743561,0.88870537281,1.62379419804,1.42288076878,1.3006221056,1.07074904442,1.15967845917
"274",1.1528771228165,0.912919700146,1.03446269035,0.737452924252,0.902403473854,1.01576709747,1.08670675755,0.934154629707,1.28045415878,1.00170660019,0.737224400043,1.37549448013,1.06422650814,1.52548110485,1.01242470741,0.926020443439,0.88048183918,1.3420279026,0.791453003883,0.777112901211,0.717052459717
"275",1.77318095070139,0.878230154514,0.615736722946,1.62476241589,0.464358478785,1.53230047226,1.34110224247,1.17606174946,1.08335101604,1.93210458755,0.566842019558,1.33230817318,1.01812374592,0.846253812313,0.745339989662,0.936269700527,0.999651014805,0.979544579983,0.374673634768,1.48885083199,1.08826136589
"276",2.17286382847615,1.2717872858,1.90404033661,0.613827168941,1.749786973,0.775856256485,0.792185842991,1.1294478178,1.21403694153,0.70510327816,1.24885499477,0.962242901325,0.652300536633,1.14271569252,0.904017686844,1.02957510948,1.44042026997,1.43673110008,1.72986805439,0.882593691349,1.04449784756
"277",6.7583595507598,1.75690674782,0.630936920643,0.258312225342,0.999549984932,0.605139970779,0.533494055271,1.31860721111,0.610302150249,1.83963406086,1.88463056087,14.536939621,1.60021817684,0.392638504505,0.489673733711,0.899371504784,1.25427985191,0.616515278816,2.59306550026,0.893244445324,1.59935688972
"278",2.41564015757963,0.331679791212,0.886204838753,1.5915415287,0.848616123199,1.15277040005,0.742020785809,1.01864051819,0.315338075161,2.05861711502,0.603567063808,0.762882828712,0.597785651684,1.76160788536,0.902778744698,1.05713009834,0.489896535873,2.14088439941,0.655373334885,1.28245961666,1.21457374096
"279",5.13672004668571,1.70406115055,1.28438544273,0.76080340147,1.10469186306,0.515056908131,0.576704621315,1.25774276257,1.02470576763,1.27859139442,1.94488179684,1.12570786476,1.8804653883,0.915966749191,0.823469996452,1.17189800739,1.36231958866,1.38206779957,1.98182308674,1.02445852757,1.55291688442
"280",1.58915890855435,0.92338758707,0.714561462402,1.36437916756,0.831486046314,0.98665446043,0.828558027744,0.769999861717,1.06844985485,1.25143373013,1.00047886372,0.979570269585,1.11513066292,1.27809894085,1.66570770741,0.94265550375,1.49660778046,0.936538934708,0.86719340086,0.960641980171,0.767255425453
"281",6.12350878132158,1.0848325491,0.93633890152,0.933295726776,1.85785031319,1.072499156,0.438099682331,0.996165990829,0.320021808147,1.60997891426,1.88404119015,0.84981071949,1.2070748806,0.166114285588,1.26664304733,0.878524184227,1.51207029819,1.02197802067,1.59924864769,1.14213716984,1.51509439945
"282",1.14019493450025,1.26112139225,1.09614527225,0.95192438364,0.978763461113,1.137835145,1.40815508366,0.635951519012,1.49720954895,0.960438609123,0.755252182484,0.624546289444,0.846482276917,1.12236654758,1.18321335316,1.06311476231,0.863439440727,0.872930347919,0.895459473133,0.606491327286,1.1307066679
"283",1.91305710652595,0.615059196949,1.25323951244,1.36190974712,1.02133393288,2.20620346069,0.966109395027,0.965290665627,0.905285060406,0.92669314146,1.12861013412,1.21040058136,0.908689141273,1.58259129524,0.81606566906,0.85150539875,0.691856503487,0.692541718483,0.993081271648,0.781659543514,1.08143413067
"284",1.66336616295591,1.24226891994,0.926118433475,0.625916838646,1.68142223358,0.426159948111,0.747401356697,1.35864782333,0.544247448444,3.56655716896,0.525530159473,0.706441998482,1.22034299374,0.71902936697,0.61759865284,1.29322457314,0.706358492374,1.4461171627,1.14461398125,0.95872181654,1.13986623287
"285",2.09306512782141,0.508550226688,0.881065607071,1.60719609261,1.33380579948,0.823392271996,1.89241111279,1.10602962971,1.09502208233,1.35514354706,0.358356505632,0.976926326752,0.434179514647,1.79077720642,1.74961674213,2.14664459229,0.962640285492,2.75989866257,0.125819921494,1.21991598606,0.257919847965
"286",1.00935819236236,1.42717123032,0.843067169189,1.8013497591,0.648982703686,0.688135325909,0.884606003761,0.615719139576,1.26781463623,0.777120351791,0.880851387978,1.18947660923,0.808194041252,2.01979160309,1.26635551453,1.16449272633,0.535464644432,3.49291205406,1.12192511559,0.622450888157,0.759142279625
"287",3.99487489574496,0.642561852932,0.451962500811,1.89300310612,1.14938271046,1.13946247101,2.70216655731,0.529625654221,1.0347083807,1.00319325924,1.21899950504,1.80329465866,0.512045860291,0.84157782793,2.04731822014,0.993169844151,0.940843999386,0.406916201115,1.38138842583,0.910746574402,0.890306949615
"288",5.66610897338059,1.00778830051,0.942850589752,0.788986384869,1.06765842438,1.91779565811,1.47421050072,1.03685092926,1.38758945465,1.29197514057,1.53951585293,1.0177218914,1.55588018894,0.938938379288,0.897608935833,0.978709280491,0.855025649071,0.681962192059,1.4454857111,0.777394592762,1.20425438881
"289",2.36945709255257,1.14348316193,1.51410639286,0.797724306583,1.34780728817,2.17189574242,1.27320706844,1.10506284237,1.29380857944,0.967537641525,0.796495079994,0.552214026451,0.984746217728,0.958826959133,1.00731265545,0.602677881718,1.15926158428,0.69961810112,0.671639144421,1.28279042244,1.03436994553
"290",2.70064856141704,0.446947962046,0.293240875006,1.85376024246,0.361320436001,4.42924785614,3.16089916229,0.358072936535,1.87186813354,0.486450493336,0.543646514416,8.23994350433,0.55582267046,2.03410768509,1.90915882587,2.0235376358,0.518793165684,1.12055802345,0.486067444086,0.486824542284,0.463430315256
